[
  {
    "model": "patients.patient",
    "pk": 1,
    "fields": {
      "organization": 2,
      "full_name": "sara andrea araque velasquez",
      "identification_type": "CC",
      "identification": "1152187148",
      "date_of_birth": "1990-05-18",
      "gender": "F",
      "phone_number": "3137468003",
      "email": "saraaraque21@gmail.com",
      "address": "Cr 97 43 27",
      "allergies": "N/A",
      "medical_conditions": "N/A",
      "current_medications": "N/A",
      "occupation": "Contadora ",
      "residence_area": "",
      "business_name": "",
      "business_address": "",
      "business_phone": "",
      "business_type": "",
      "civil_status": "Casado/a",
      "bank_entity": "",
      "account_number": "",
      "has_companion": false,
      "companion_name": "",
      "companion_relationship": "",
      "companion_phone": "",
      "created_at": "2025-12-02T22:21:40.871Z",
      "updated_at": "2025-12-03T19:07:53.752Z",
      "is_active": false
    }
  },
  {
    "model": "patients.patient",
    "pk": 2,
    "fields": {
      "organization": 2,
      "full_name": "julio",
      "identification_type": "CC",
      "identification": "8161329",
      "date_of_birth": "1982-10-29",
      "gender": "M",
      "phone_number": "3000000000",
      "email": "",
      "address": "",
      "allergies": "",
      "medical_conditions": "",
      "current_medications": "",
      "occupation": "Comerciante",
      "residence_area": "urbana",
      "business_name": "",
      "business_address": "",
      "business_phone": "",
      "business_type": "",
      "civil_status": "Casado",
      "bank_entity": "",
      "account_number": "",
      "has_companion": false,
      "companion_name": "",
      "companion_relationship": "",
      "companion_phone": "",
      "created_at": "2025-12-03T01:49:48.172Z",
      "updated_at": "2025-12-03T19:07:57.952Z",
      "is_active": false
    }
  },
  {
    "model": "patients.patient",
    "pk": 3,
    "fields": {
      "organization": 2,
      "full_name": "Elizabeth Ibarguen ",
      "identification_type": "CC",
      "identification": "1128024130",
      "date_of_birth": null,
      "gender": "F",
      "phone_number": "3018519288",
      "email": "",
      "address": "",
      "allergies": "",
      "medical_conditions": "",
      "current_medications": "",
      "occupation": "",
      "residence_area": "",
      "business_name": "",
      "business_address": "",
      "business_phone": "",
      "business_type": "",
      "civil_status": "",
      "bank_entity": "",
      "account_number": "",
      "has_companion": false,
      "companion_name": "",
      "companion_relationship": "",
      "companion_phone": "",
      "created_at": "2025-12-03T19:16:53.001Z",
      "updated_at": "2025-12-03T19:16:53.001Z",
      "is_active": true
    }
  },
  {
    "model": "patients.patient",
    "pk": 4,
    "fields": {
      "organization": 2,
      "full_name": "Victor Jose Gutierrez",
      "identification_type": "CC",
      "identification": "1216977416",
      "date_of_birth": null,
      "gender": "M",
      "phone_number": "3136732498",
      "email": "",
      "address": "",
      "allergies": "",
      "medical_conditions": "",
      "current_medications": "",
      "occupation": "",
      "residence_area": "",
      "business_name": "",
      "business_address": "",
      "business_phone": "",
      "business_type": "",
      "civil_status": "",
      "bank_entity": "",
      "account_number": "",
      "has_companion": false,
      "companion_name": "",
      "companion_relationship": "",
      "companion_phone": "",
      "created_at": "2025-12-03T19:18:11.475Z",
      "updated_at": "2025-12-03T19:18:11.475Z",
      "is_active": true
    }
  },
  {
    "model": "patients.patient",
    "pk": 5,
    "fields": {
      "organization": 2,
      "full_name": "Diana Maria Cuartas",
      "identification_type": "CC",
      "identification": "43579770",
      "date_of_birth": null,
      "gender": "F",
      "phone_number": "3162364606",
      "email": "",
      "address": "",
      "allergies": "",
      "medical_conditions": "",
      "current_medications": "",
      "occupation": "",
      "residence_area": "",
      "business_name": "",
      "business_address": "",
      "business_phone": "",
      "business_type": "",
      "civil_status": "",
      "bank_entity": "",
      "account_number": "",
      "has_companion": false,
      "companion_name": "",
      "companion_relationship": "",
      "companion_phone": "",
      "created_at": "2025-12-03T19:19:43.781Z",
      "updated_at": "2025-12-03T19:19:43.781Z",
      "is_active": true
    }
  },
  {
    "model": "patients.patient",
    "pk": 6,
    "fields": {
      "organization": 2,
      "full_name": "Astric Sanchez",
      "identification_type": "CC",
      "identification": "1026653368",
      "date_of_birth": null,
      "gender": "F",
      "phone_number": "3008665012",
      "email": "",
      "address": "",
      "allergies": "",
      "medical_conditions": "",
      "current_medications": "",
      "occupation": "",
      "residence_area": "",
      "business_name": "",
      "business_address": "",
      "business_phone": "",
      "business_type": "",
      "civil_status": "",
      "bank_entity": "",
      "account_number": "",
      "has_companion": false,
      "companion_name": "",
      "companion_relationship": "",
      "companion_phone": "",
      "created_at": "2025-12-03T19:20:58.895Z",
      "updated_at": "2025-12-09T23:32:44.222Z",
      "is_active": true
    }
  },
  {
    "model": "patients.patient",
    "pk": 7,
    "fields": {
      "organization": 2,
      "full_name": "Fredy Jaramillo",
      "identification_type": "CC",
      "identification": "71374587",
      "date_of_birth": null,
      "gender": "M",
      "phone_number": "3002007383",
      "email": "",
      "address": "",
      "allergies": "",
      "medical_conditions": "",
      "current_medications": "",
      "occupation": "",
      "residence_area": "",
      "business_name": "",
      "business_address": "",
      "business_phone": "",
      "business_type": "",
      "civil_status": "",
      "bank_entity": "",
      "account_number": "",
      "has_companion": false,
      "companion_name": "",
      "companion_relationship": "",
      "companion_phone": "",
      "created_at": "2025-12-03T19:21:42.105Z",
      "updated_at": "2025-12-03T19:21:42.105Z",
      "is_active": true
    }
  },
  {
    "model": "patients.patient",
    "pk": 8,
    "fields": {
      "organization": 2,
      "full_name": "Adrian Ruiz",
      "identification_type": "CC",
      "identification": "71336361",
      "date_of_birth": "1978-01-05",
      "gender": "M",
      "phone_number": "3044086020",
      "email": "",
      "address": "",
      "allergies": "",
      "medical_conditions": "",
      "current_medications": "",
      "occupation": "",
      "residence_area": "",
      "business_name": "",
      "business_address": "",
      "business_phone": "",
      "business_type": "",
      "civil_status": "",
      "bank_entity": "",
      "account_number": "",
      "has_companion": false,
      "companion_name": "",
      "companion_relationship": "",
      "companion_phone": "",
      "created_at": "2025-12-05T22:13:44.832Z",
      "updated_at": "2025-12-05T22:13:44.832Z",
      "is_active": true
    }
  },
  {
    "model": "patients.patient",
    "pk": 9,
    "fields": {
      "organization": 2,
      "full_name": "Claudia patricia isaza ",
      "identification_type": "CC",
      "identification": "43595030",
      "date_of_birth": "1975-01-05",
      "gender": "F",
      "phone_number": "3122635308",
      "email": "",
      "address": "",
      "allergies": "",
      "medical_conditions": "",
      "current_medications": "",
      "occupation": "",
      "residence_area": "",
      "business_name": "",
      "business_address": "",
      "business_phone": "",
      "business_type": "",
      "civil_status": "",
      "bank_entity": "",
      "account_number": "",
      "has_companion": false,
      "companion_name": "",
      "companion_relationship": "",
      "companion_phone": "",
      "created_at": "2025-12-05T23:02:26.871Z",
      "updated_at": "2025-12-05T23:02:26.871Z",
      "is_active": true
    }
  },
  {
    "model": "patients.patient",
    "pk": 10,
    "fields": {
      "organization": 2,
      "full_name": "Flor Alba Osorio ",
      "identification_type": "CC",
      "identification": "43415744",
      "date_of_birth": null,
      "gender": "F",
      "phone_number": "3023678507",
      "email": "",
      "address": "",
      "allergies": "",
      "medical_conditions": "",
      "current_medications": "",
      "occupation": "",
      "residence_area": "",
      "business_name": "",
      "business_address": "",
      "business_phone": "",
      "business_type": "",
      "civil_status": "",
      "bank_entity": "",
      "account_number": "",
      "has_companion": false,
      "companion_name": "",
      "companion_relationship": "",
      "companion_phone": "",
      "created_at": "2025-12-05T23:09:20.223Z",
      "updated_at": "2025-12-05T23:09:20.223Z",
      "is_active": true
    }
  },
  {
    "model": "patients.patient",
    "pk": 11,
    "fields": {
      "organization": 2,
      "full_name": "Juan Manuel Velez",
      "identification_type": "TI",
      "identification": "1033198355",
      "date_of_birth": null,
      "gender": "M",
      "phone_number": "31287017876",
      "email": "",
      "address": "",
      "allergies": "",
      "medical_conditions": "",
      "current_medications": "",
      "occupation": "",
      "residence_area": "",
      "business_name": "",
      "business_address": "",
      "business_phone": "",
      "business_type": "",
      "civil_status": "",
      "bank_entity": "",
      "account_number": "",
      "has_companion": false,
      "companion_name": "",
      "companion_relationship": "",
      "companion_phone": "",
      "created_at": "2025-12-05T23:12:22.387Z",
      "updated_at": "2025-12-05T23:12:22.387Z",
      "is_active": true
    }
  },
  {
    "model": "patients.patient",
    "pk": 12,
    "fields": {
      "organization": 2,
      "full_name": "Flor Carolina Gonzalez",
      "identification_type": "CC",
      "identification": "21695425",
      "date_of_birth": null,
      "gender": "F",
      "phone_number": "3246617236",
      "email": "",
      "address": "",
      "allergies": "",
      "medical_conditions": "",
      "current_medications": "",
      "occupation": "",
      "residence_area": "",
      "business_name": "",
      "business_address": "",
      "business_phone": "",
      "business_type": "",
      "civil_status": "",
      "bank_entity": "",
      "account_number": "",
      "has_companion": false,
      "companion_name": "",
      "companion_relationship": "",
      "companion_phone": "",
      "created_at": "2025-12-05T23:13:45.063Z",
      "updated_at": "2025-12-05T23:13:45.063Z",
      "is_active": true
    }
  },
  {
    "model": "patients.patient",
    "pk": 13,
    "fields": {
      "organization": 2,
      "full_name": "Liliana Velasquez Valle",
      "identification_type": "CC",
      "identification": "21912359",
      "date_of_birth": null,
      "gender": "F",
      "phone_number": "3151545061",
      "email": "",
      "address": "",
      "allergies": "",
      "medical_conditions": "",
      "current_medications": "",
      "occupation": "",
      "residence_area": "",
      "business_name": "",
      "business_address": "",
      "business_phone": "",
      "business_type": "",
      "civil_status": "",
      "bank_entity": "",
      "account_number": "",
      "has_companion": false,
      "companion_name": "",
      "companion_relationship": "",
      "companion_phone": "",
      "created_at": "2025-12-05T23:14:36.450Z",
      "updated_at": "2025-12-05T23:14:36.450Z",
      "is_active": true
    }
  },
  {
    "model": "patients.patient",
    "pk": 14,
    "fields": {
      "organization": 2,
      "full_name": "Catalina Garces Cata\u00f1o",
      "identification_type": "CC",
      "identification": "43455447",
      "date_of_birth": null,
      "gender": "F",
      "phone_number": "3105190096",
      "email": "",
      "address": "",
      "allergies": "",
      "medical_conditions": "",
      "current_medications": "",
      "occupation": "",
      "residence_area": "",
      "business_name": "",
      "business_address": "",
      "business_phone": "",
      "business_type": "",
      "civil_status": "",
      "bank_entity": "",
      "account_number": "",
      "has_companion": false,
      "companion_name": "",
      "companion_relationship": "",
      "companion_phone": "",
      "created_at": "2025-12-05T23:15:24.922Z",
      "updated_at": "2025-12-05T23:15:24.922Z",
      "is_active": true
    }
  },
  {
    "model": "patients.patient",
    "pk": 15,
    "fields": {
      "organization": 2,
      "full_name": "Jennifer Lopez Cano ",
      "identification_type": "CC",
      "identification": "1017169011",
      "date_of_birth": null,
      "gender": "",
      "phone_number": "3245618889",
      "email": "",
      "address": "",
      "allergies": "",
      "medical_conditions": "",
      "current_medications": "",
      "occupation": "",
      "residence_area": "",
      "business_name": "",
      "business_address": "",
      "business_phone": "",
      "business_type": "",
      "civil_status": "",
      "bank_entity": "",
      "account_number": "",
      "has_companion": false,
      "companion_name": "",
      "companion_relationship": "",
      "companion_phone": "",
      "created_at": "2025-12-05T23:16:06.077Z",
      "updated_at": "2025-12-05T23:16:06.077Z",
      "is_active": true
    }
  },
  {
    "model": "patients.patient",
    "pk": 16,
    "fields": {
      "organization": 2,
      "full_name": "Hugo londo\u00f1o Jaramillo",
      "identification_type": "CC",
      "identification": "70052185",
      "date_of_birth": null,
      "gender": "M",
      "phone_number": "3233699417",
      "email": "",
      "address": "",
      "allergies": "",
      "medical_conditions": "",
      "current_medications": "",
      "occupation": "",
      "residence_area": "",
      "business_name": "",
      "business_address": "",
      "business_phone": "",
      "business_type": "",
      "civil_status": "",
      "bank_entity": "",
      "account_number": "",
      "has_companion": false,
      "companion_name": "",
      "companion_relationship": "",
      "companion_phone": "",
      "created_at": "2025-12-10T17:36:54.722Z",
      "updated_at": "2025-12-10T17:38:32.138Z",
      "is_active": true
    }
  },
  {
    "model": "patients.patient",
    "pk": 17,
    "fields": {
      "organization": 2,
      "full_name": "Ana paula Clemente ",
      "identification_type": "CC",
      "identification": "1064187779",
      "date_of_birth": null,
      "gender": "F",
      "phone_number": "3249551993",
      "email": "",
      "address": "",
      "allergies": "",
      "medical_conditions": "",
      "current_medications": "",
      "occupation": "",
      "residence_area": "",
      "business_name": "",
      "business_address": "",
      "business_phone": "",
      "business_type": "",
      "civil_status": "",
      "bank_entity": "",
      "account_number": "",
      "has_companion": false,
      "companion_name": "",
      "companion_relationship": "",
      "companion_phone": "",
      "created_at": "2025-12-10T17:39:16.942Z",
      "updated_at": "2025-12-10T17:39:16.942Z",
      "is_active": true
    }
  },
  {
    "model": "patients.patient",
    "pk": 18,
    "fields": {
      "organization": 2,
      "full_name": "Jhon Fredy Bermudez",
      "identification_type": "CC",
      "identification": "98563605",
      "date_of_birth": null,
      "gender": "M",
      "phone_number": "000000000",
      "email": "",
      "address": "",
      "allergies": "",
      "medical_conditions": "",
      "current_medications": "",
      "occupation": "",
      "residence_area": "",
      "business_name": "",
      "business_address": "",
      "business_phone": "",
      "business_type": "",
      "civil_status": "",
      "bank_entity": "",
      "account_number": "",
      "has_companion": false,
      "companion_name": "",
      "companion_relationship": "",
      "companion_phone": "",
      "created_at": "2025-12-10T17:40:51.168Z",
      "updated_at": "2025-12-10T17:40:51.168Z",
      "is_active": true
    }
  },
  {
    "model": "patients.patient",
    "pk": 19,
    "fields": {
      "organization": 2,
      "full_name": "Hernan Andres Ramos",
      "identification_type": "CE",
      "identification": "23451687",
      "date_of_birth": null,
      "gender": "M",
      "phone_number": "3014044523",
      "email": "",
      "address": "",
      "allergies": "",
      "medical_conditions": "",
      "current_medications": "",
      "occupation": "",
      "residence_area": "",
      "business_name": "",
      "business_address": "",
      "business_phone": "",
      "business_type": "",
      "civil_status": "",
      "bank_entity": "",
      "account_number": "",
      "has_companion": false,
      "companion_name": "",
      "companion_relationship": "",
      "companion_phone": "",
      "created_at": "2025-12-10T17:41:35.555Z",
      "updated_at": "2025-12-10T17:41:35.555Z",
      "is_active": true
    }
  },
  {
    "model": "patients.patient",
    "pk": 20,
    "fields": {
      "organization": 2,
      "full_name": "Maximiliano  Borja",
      "identification_type": "CC",
      "identification": "1025906756",
      "date_of_birth": null,
      "gender": "M",
      "phone_number": "3008340947",
      "email": "",
      "address": "",
      "allergies": "",
      "medical_conditions": "",
      "current_medications": "",
      "occupation": "",
      "residence_area": "",
      "business_name": "",
      "business_address": "",
      "business_phone": "",
      "business_type": "",
      "civil_status": "",
      "bank_entity": "",
      "account_number": "",
      "has_companion": false,
      "companion_name": "",
      "companion_relationship": "",
      "companion_phone": "",
      "created_at": "2025-12-11T22:10:48.359Z",
      "updated_at": "2025-12-11T22:10:48.359Z",
      "is_active": true
    }
  },
  {
    "model": "patients.patient",
    "pk": 21,
    "fields": {
      "organization": 2,
      "full_name": "Eunice Mu\u00f1oz",
      "identification_type": "CC",
      "identification": "43533041",
      "date_of_birth": null,
      "gender": "F",
      "phone_number": "3216752845",
      "email": "",
      "address": "",
      "allergies": "",
      "medical_conditions": "",
      "current_medications": "",
      "occupation": "",
      "residence_area": "",
      "business_name": "",
      "business_address": "",
      "business_phone": "",
      "business_type": "",
      "civil_status": "",
      "bank_entity": "",
      "account_number": "",
      "has_companion": false,
      "companion_name": "",
      "companion_relationship": "",
      "companion_phone": "",
      "created_at": "2025-12-12T22:39:03.389Z",
      "updated_at": "2025-12-12T22:39:03.389Z",
      "is_active": true
    }
  },
  {
    "model": "patients.patient",
    "pk": 22,
    "fields": {
      "organization": 2,
      "full_name": "Valery Salinas",
      "identification_type": "CC",
      "identification": "2545856",
      "date_of_birth": null,
      "gender": "F",
      "phone_number": "3133657813",
      "email": "",
      "address": "",
      "allergies": "",
      "medical_conditions": "",
      "current_medications": "",
      "occupation": "",
      "residence_area": "",
      "business_name": "",
      "business_address": "",
      "business_phone": "",
      "business_type": "",
      "civil_status": "",
      "bank_entity": "",
      "account_number": "",
      "has_companion": false,
      "companion_name": "",
      "companion_relationship": "",
      "companion_phone": "",
      "created_at": "2025-12-12T22:42:25.154Z",
      "updated_at": "2025-12-12T22:42:25.154Z",
      "is_active": true
    }
  },
  {
    "model": "patients.patient",
    "pk": 23,
    "fields": {
      "organization": 2,
      "full_name": "Katerin Salinas",
      "identification_type": "CC",
      "identification": "2518324",
      "date_of_birth": null,
      "gender": "F",
      "phone_number": "3133657813",
      "email": "",
      "address": "",
      "allergies": "",
      "medical_conditions": "",
      "current_medications": "",
      "occupation": "",
      "residence_area": "",
      "business_name": "",
      "business_address": "",
      "business_phone": "",
      "business_type": "",
      "civil_status": "",
      "bank_entity": "",
      "account_number": "",
      "has_companion": false,
      "companion_name": "",
      "companion_relationship": "",
      "companion_phone": "",
      "created_at": "2025-12-12T22:45:32.383Z",
      "updated_at": "2025-12-12T22:45:32.383Z",
      "is_active": true
    }
  },
  {
    "model": "patients.patient",
    "pk": 24,
    "fields": {
      "organization": 2,
      "full_name": "Laura castellanos",
      "identification_type": "CC",
      "identification": "1216714554",
      "date_of_birth": null,
      "gender": "F",
      "phone_number": "3246890170",
      "email": "",
      "address": "",
      "allergies": "",
      "medical_conditions": "",
      "current_medications": "",
      "occupation": "",
      "residence_area": "",
      "business_name": "",
      "business_address": "",
      "business_phone": "",
      "business_type": "",
      "civil_status": "",
      "bank_entity": "",
      "account_number": "",
      "has_companion": false,
      "companion_name": "",
      "companion_relationship": "",
      "companion_phone": "",
      "created_at": "2025-12-12T22:50:41.719Z",
      "updated_at": "2025-12-12T22:50:41.719Z",
      "is_active": true
    }
  },
  {
    "model": "patients.patient",
    "pk": 26,
    "fields": {
      "organization": 22,
      "full_name": "Daniel Andres Osorio Velasquez",
      "identification_type": "CC",
      "identification": "71360801",
      "date_of_birth": "1983-03-29",
      "gender": "M",
      "phone_number": "3007915262",
      "email": "danioso8@hotmail.com",
      "address": "Calle 47A \u00b7 100-34",
      "allergies": "",
      "medical_conditions": "",
      "current_medications": "",
      "occupation": "",
      "residence_area": "",
      "business_name": "",
      "business_address": "",
      "business_phone": "",
      "business_type": "",
      "civil_status": "",
      "bank_entity": "",
      "account_number": "",
      "has_companion": false,
      "companion_name": "",
      "companion_relationship": "",
      "companion_phone": "",
      "created_at": "2025-12-16T17:12:48.544Z",
      "updated_at": "2025-12-16T17:12:48.544Z",
      "is_active": true
    }
  },
  {
    "model": "patients.patient",
    "pk": 27,
    "fields": {
      "organization": 4,
      "full_name": "Juan P\u00e9rez Test",
      "identification_type": "CC",
      "identification": "1234567890",
      "date_of_birth": "1990-01-01",
      "gender": "M",
      "phone_number": "3001234567",
      "email": "juanperez@test.com",
      "address": "",
      "allergies": "",
      "medical_conditions": "",
      "current_medications": "",
      "occupation": "",
      "residence_area": "",
      "business_name": "",
      "business_address": "",
      "business_phone": "",
      "business_type": "",
      "civil_status": "",
      "bank_entity": "",
      "account_number": "",
      "has_companion": false,
      "companion_name": "",
      "companion_relationship": "",
      "companion_phone": "",
      "created_at": "2025-12-16T20:56:06.284Z",
      "updated_at": "2025-12-16T20:56:06.284Z",
      "is_active": true
    }
  },
  {
    "model": "patients.patient",
    "pk": 28,
    "fields": {
      "organization": 22,
      "full_name": "Juan carlos",
      "identification_type": "CC",
      "identification": "70052185",
      "date_of_birth": "1985-02-19",
      "gender": "M",
      "phone_number": "3009875585",
      "email": "",
      "address": "",
      "allergies": "N/A",
      "medical_conditions": "N/A",
      "current_medications": "NA/",
      "occupation": "",
      "residence_area": "",
      "business_name": "",
      "business_address": "",
      "business_phone": "",
      "business_type": "",
      "civil_status": "",
      "bank_entity": "",
      "account_number": "",
      "has_companion": false,
      "companion_name": "",
      "companion_relationship": "",
      "companion_phone": "",
      "created_at": "2025-12-17T15:29:39.806Z",
      "updated_at": "2025-12-17T15:29:39.806Z",
      "is_active": true
    }
  },
  {
    "model": "patients.patient",
    "pk": 29,
    "fields": {
      "organization": 2,
      "full_name": "LUISA FERNANDA GOMEZ",
      "identification_type": "CC",
      "identification": "1007836455",
      "date_of_birth": "1997-06-27",
      "gender": "F",
      "phone_number": "3137018373",
      "email": "",
      "address": "",
      "allergies": "",
      "medical_conditions": "",
      "current_medications": "",
      "occupation": "",
      "residence_area": "",
      "business_name": "",
      "business_address": "",
      "business_phone": "",
      "business_type": "",
      "civil_status": "",
      "bank_entity": "",
      "account_number": "",
      "has_companion": false,
      "companion_name": "",
      "companion_relationship": "",
      "companion_phone": "",
      "created_at": "2025-12-17T19:41:53.341Z",
      "updated_at": "2025-12-17T19:59:43.516Z",
      "is_active": true
    }
  },
  {
    "model": "patients.patient",
    "pk": 30,
    "fields": {
      "organization": 2,
      "full_name": "LEIDY OSPINA",
      "identification_type": "CC",
      "identification": "1020438658",
      "date_of_birth": "1989-12-02",
      "gender": "F",
      "phone_number": "3045361670",
      "email": "",
      "address": "",
      "allergies": "",
      "medical_conditions": "",
      "current_medications": "",
      "occupation": "",
      "residence_area": "",
      "business_name": "",
      "business_address": "",
      "business_phone": "",
      "business_type": "",
      "civil_status": "",
      "bank_entity": "",
      "account_number": "",
      "has_companion": false,
      "companion_name": "",
      "companion_relationship": "",
      "companion_phone": "",
      "created_at": "2025-12-17T19:59:25.158Z",
      "updated_at": "2025-12-17T20:39:16.663Z",
      "is_active": true
    }
  },
  {
    "model": "patients.patient",
    "pk": 31,
    "fields": {
      "organization": 2,
      "full_name": "Valentina Saldarriaga",
      "identification_type": "CC",
      "identification": "1000206593",
      "date_of_birth": "1999-08-14",
      "gender": "F",
      "phone_number": "3197588613",
      "email": "",
      "address": "",
      "allergies": "",
      "medical_conditions": "",
      "current_medications": "",
      "occupation": "",
      "residence_area": "",
      "business_name": "",
      "business_address": "",
      "business_phone": "",
      "business_type": "",
      "civil_status": "",
      "bank_entity": "",
      "account_number": "",
      "has_companion": false,
      "companion_name": "",
      "companion_relationship": "",
      "companion_phone": "",
      "created_at": "2025-12-17T20:27:17.675Z",
      "updated_at": "2025-12-17T20:27:17.675Z",
      "is_active": true
    }
  },
  {
    "model": "patients.patient",
    "pk": 32,
    "fields": {
      "organization": 2,
      "full_name": "Luis Alberto Restrepo Sanchez",
      "identification_type": "CC",
      "identification": "8460728",
      "date_of_birth": null,
      "gender": "M",
      "phone_number": "3105156942",
      "email": "",
      "address": "",
      "allergies": "",
      "medical_conditions": "",
      "current_medications": "",
      "occupation": "",
      "residence_area": "",
      "business_name": "",
      "business_address": "",
      "business_phone": "",
      "business_type": "",
      "civil_status": "",
      "bank_entity": "",
      "account_number": "",
      "has_companion": false,
      "companion_name": "",
      "companion_relationship": "",
      "companion_phone": "",
      "created_at": "2025-12-18T15:42:31.690Z",
      "updated_at": "2025-12-18T15:42:31.690Z",
      "is_active": true
    }
  },
  {
    "model": "patients.doctor",
    "pk": 1,
    "fields": {
      "organization": 2,
      "full_name": "Sara Ines Espinel Torres",
      "identification_type": "CC",
      "identification": "41776632",
      "specialty": "optometrist",
      "professional_card": "CD 2113-82",
      "rethus": "",
      "graduation_date": "1982-10-03",
      "university": "",
      "email": "sara_espinel@hotmail.com",
      "phone": "",
      "mobile": "3006036439",
      "address": "Envigado",
      "monday_schedule": "",
      "tuesday_schedule": "",
      "wednesday_schedule": "2:30-6:30",
      "thursday_schedule": "",
      "friday_schedule": "",
      "saturday_schedule": "",
      "sunday_schedule": "",
      "signature": "",
      "photo": "",
      "bio": "",
      "notes": "",
      "is_active": true,
      "created_at": "2025-12-03T01:50:35.055Z",
      "updated_at": "2025-12-03T19:31:01.268Z"
    }
  },
  {
    "model": "patients.doctor",
    "pk": 2,
    "fields": {
      "organization": 2,
      "full_name": "Luz Andrea Duque Taborda",
      "identification_type": "CC",
      "identification": "1036614594",
      "specialty": "optometrist",
      "professional_card": "1036614594",
      "rethus": "918",
      "graduation_date": "2020-11-05",
      "university": "",
      "email": "",
      "phone": "",
      "mobile": "3003637060",
      "address": "CR 89 A  44 B 8",
      "monday_schedule": "",
      "tuesday_schedule": "",
      "wednesday_schedule": "",
      "thursday_schedule": "",
      "friday_schedule": "",
      "saturday_schedule": "11:00-4:00",
      "sunday_schedule": "",
      "signature": "",
      "photo": "",
      "bio": "",
      "notes": "",
      "is_active": true,
      "created_at": "2025-12-03T19:38:35.754Z",
      "updated_at": "2025-12-03T19:38:35.754Z"
    }
  },
  {
    "model": "patients.doctor",
    "pk": 4,
    "fields": {
      "organization": 22,
      "full_name": "Daniel Andres Osorio Velasquez",
      "identification_type": "CC",
      "identification": "71360801",
      "specialty": "optometrist",
      "professional_card": "TP-123456789",
      "rethus": "RETHUS-12345",
      "graduation_date": "2003-06-20",
      "university": "caldas",
      "email": "",
      "phone": "",
      "mobile": "",
      "address": "",
      "monday_schedule": "",
      "tuesday_schedule": "",
      "wednesday_schedule": "",
      "thursday_schedule": "",
      "friday_schedule": "",
      "saturday_schedule": "",
      "sunday_schedule": "",
      "signature": "",
      "photo": "",
      "bio": "",
      "notes": "",
      "is_active": true,
      "created_at": "2025-12-17T01:27:21.552Z",
      "updated_at": "2025-12-17T19:01:37.689Z"
    }
  },
  {
    "model": "patients.clinicalhistory",
    "pk": 1,
    "fields": {
      "organization": 2,
      "patient": 1,
      "date": "2025-12-02",
      "last_eye_checkup": "",
      "doctor": null,
      "chief_complaint": "Cambio de formula ",
      "current_illness": "",
      "current_clinical_condition": "",
      "pathological_history": "",
      "pharmacological_history": "",
      "surgical_history": "",
      "allergic_history": "",
      "trauma_history": "",
      "other_general_history": "",
      "medical_history": "",
      "ocular_pathological_history": "",
      "ocular_pharmacological_history": "",
      "ocular_surgical_history": "",
      "ocular_trauma_history": "",
      "lensometry_lens_type": null,
      "lensometry_notes": "",
      "current_rx_od_sphere": "N",
      "current_rx_od_cylinder": null,
      "current_rx_od_axis": null,
      "current_rx_od_add": null,
      "current_rx_os_sphere": "N",
      "current_rx_os_cylinder": null,
      "current_rx_os_axis": null,
      "current_rx_os_add": null,
      "ocular_therapeutic_history": "",
      "blurred_vision": false,
      "eye_pain": false,
      "headaches": false,
      "photophobia": false,
      "diplopia": false,
      "tearing": false,
      "redness": false,
      "itching": false,
      "floaters": false,
      "halos": false,
      "symptoms_notes": "",
      "previous_eye_surgery": false,
      "surgery_details": "",
      "previous_glasses": false,
      "glasses_since": "",
      "previous_contact_lenses": false,
      "family_diabetes": false,
      "family_hypertension": false,
      "family_heart_disease": false,
      "family_cancer": false,
      "family_general_notes": "",
      "family_glaucoma": false,
      "family_cataracts": false,
      "family_macular_degeneration": false,
      "family_retinal_detachment": false,
      "family_myopia": false,
      "family_strabismus": false,
      "family_ocular_notes": "",
      "family_history_notes": "",
      "occupation_visual_demand": "",
      "screen_hours_daily": null,
      "reading_hours_daily": null,
      "distance_chart": "",
      "near_chart": "",
      "va_od_sc_distance": "",
      "va_od_sc_near": "",
      "va_od_cc_distance": "",
      "va_od_cc_near": "",
      "va_os_sc_distance": "",
      "va_os_sc_near": "",
      "va_os_cc_distance": "",
      "va_os_cc_near": "",
      "va_ou_distance": "",
      "va_ou_near": "",
      "refraction_od_sphere": "-2.00",
      "refraction_od_cylinder": "-1.50",
      "refraction_od_axis": 180,
      "refraction_od_add": "0.00",
      "refraction_od_prism": "",
      "refraction_os_sphere": "-2.00",
      "refraction_os_cylinder": "-1.75",
      "refraction_os_axis": 180,
      "refraction_os_add": "0.00",
      "refraction_os_prism": "",
      "refraction_od_dnp": null,
      "refraction_os_dnp": null,
      "pd_distance": "62.0",
      "pd_near": "60.0",
      "pd_od": null,
      "pd_os": null,
      "keratometry_od_k1": null,
      "keratometry_od_k1_axis": null,
      "keratometry_od_k2": null,
      "keratometry_od_k2_axis": null,
      "keratometry_os_k1": null,
      "keratometry_os_k1_axis": null,
      "keratometry_os_k2": null,
      "keratometry_os_k2_axis": null,
      "iop_od": null,
      "iop_os": null,
      "iop_method": "",
      "biomicroscopy_od_lids": "",
      "biomicroscopy_od_conjunctiva": "",
      "biomicroscopy_od_cornea": "",
      "biomicroscopy_od_anterior_chamber": "",
      "biomicroscopy_od_iris": "",
      "biomicroscopy_od_lens": "",
      "biomicroscopy_od_pupil": "",
      "biomicroscopy_os_lids": "",
      "biomicroscopy_os_conjunctiva": "",
      "biomicroscopy_os_cornea": "",
      "biomicroscopy_os_anterior_chamber": "",
      "biomicroscopy_os_iris": "",
      "biomicroscopy_os_lens": "",
      "biomicroscopy_os_pupil": "",
      "external_exam_od": "",
      "external_exam_os": "",
      "fundoscopy_od_vitreous": "",
      "fundoscopy_od_optic_disc": "",
      "fundoscopy_od_cup_disc_ratio": "",
      "fundoscopy_od_macula": "",
      "fundoscopy_od_vessels": "",
      "fundoscopy_od_periphery": "",
      "fundoscopy_od_retina": "",
      "fundoscopy_os_vitreous": "",
      "fundoscopy_os_optic_disc": "",
      "fundoscopy_os_cup_disc_ratio": "",
      "fundoscopy_os_macula": "",
      "fundoscopy_os_vessels": "",
      "fundoscopy_os_periphery": "",
      "fundoscopy_os_retina": "",
      "motility_od": "",
      "motility_os": "",
      "cover_test": "",
      "convergence": "",
      "color_vision_od": "",
      "color_vision_os": "",
      "color_vision_test": "",
      "complementary_exams": "",
      "diagnosis": "Miope astigmata",
      "differential_diagnosis": "",
      "dx_myopia": true,
      "dx_hyperopia": false,
      "dx_astigmatism": true,
      "dx_presbyopia": false,
      "dx_amblyopia": false,
      "dx_strabismus": false,
      "dx_cataracts": false,
      "dx_glaucoma": false,
      "dx_dry_eye": false,
      "dx_conjunctivitis": false,
      "dx_keratoconus": false,
      "prognosis": "",
      "disposition": "",
      "treatment_plan": "Lentes con filtro azul + transcitios purpura",
      "pharmaceutical_prescription": "",
      "topical_medication_protocol": "",
      "adjuvant_therapies": "",
      "prescription_glasses": true,
      "prescription_contact_lenses": false,
      "prescription_medication": false,
      "medication_details": "",
      "optical_prescription_notes": "",
      "lens_type": "single",
      "lens_material": "Policarbonato",
      "lens_coating": "Fotocromatico",
      "lens_brand": "",
      "frame_type": "",
      "contact_lens_type": "",
      "contact_lens_brand": "",
      "contact_lens_material": "",
      "contact_lens_wearing": "",
      "therapy": "",
      "visual_therapy": "",
      "complementary_exam": "",
      "lab_test": "",
      "recommendation": "",
      "follow_up_reason": "",
      "referral_specialty": "",
      "recommendations_text": "",
      "additional_notes": "",
      "diagnosis_text": "",
      "evolution_notes": "",
      "follow_up_date": null,
      "follow_up_notes": "",
      "referral_to": "",
      "referral_reason": "",
      "counter_referral": "",
      "clinical_summary": "",
      "observations": "",
      "recommendations": "",
      "surgical_consent": false,
      "surgical_consent_date": null,
      "cycloplegia_consent": false,
      "cycloplegia_consent_date": null,
      "lab_orders": "",
      "specialized_exam_orders": "",
      "medical_certificate": "",
      "remission_document": "",
      "created_at": "2025-12-02T22:28:16.822Z",
      "updated_at": "2025-12-02T23:34:52.351Z"
    }
  },
  {
    "model": "patients.clinicalhistory",
    "pk": 2,
    "fields": {
      "organization": 2,
      "patient": 2,
      "date": "2025-12-02",
      "last_eye_checkup": "",
      "doctor": 1,
      "chief_complaint": "dolor de cabeza",
      "current_illness": "",
      "current_clinical_condition": "",
      "pathological_history": "",
      "pharmacological_history": "",
      "surgical_history": "",
      "allergic_history": "",
      "trauma_history": "",
      "other_general_history": "",
      "medical_history": "",
      "ocular_pathological_history": "",
      "ocular_pharmacological_history": "",
      "ocular_surgical_history": "",
      "ocular_trauma_history": "",
      "lensometry_lens_type": null,
      "lensometry_notes": "",
      "current_rx_od_sphere": "N",
      "current_rx_od_cylinder": null,
      "current_rx_od_axis": null,
      "current_rx_od_add": null,
      "current_rx_os_sphere": "N",
      "current_rx_os_cylinder": null,
      "current_rx_os_axis": null,
      "current_rx_os_add": null,
      "ocular_therapeutic_history": "",
      "blurred_vision": false,
      "eye_pain": false,
      "headaches": true,
      "photophobia": false,
      "diplopia": false,
      "tearing": false,
      "redness": false,
      "itching": false,
      "floaters": false,
      "halos": false,
      "symptoms_notes": "",
      "previous_eye_surgery": false,
      "surgery_details": "",
      "previous_glasses": false,
      "glasses_since": "",
      "previous_contact_lenses": false,
      "family_diabetes": false,
      "family_hypertension": false,
      "family_heart_disease": false,
      "family_cancer": false,
      "family_general_notes": "",
      "family_glaucoma": false,
      "family_cataracts": false,
      "family_macular_degeneration": false,
      "family_retinal_detachment": false,
      "family_myopia": false,
      "family_strabismus": false,
      "family_ocular_notes": "",
      "family_history_notes": "",
      "occupation_visual_demand": "",
      "screen_hours_daily": null,
      "reading_hours_daily": null,
      "distance_chart": "",
      "near_chart": "",
      "va_od_sc_distance": "",
      "va_od_sc_near": "",
      "va_od_cc_distance": "",
      "va_od_cc_near": "",
      "va_os_sc_distance": "",
      "va_os_sc_near": "",
      "va_os_cc_distance": "",
      "va_os_cc_near": "",
      "va_ou_distance": "",
      "va_ou_near": "",
      "refraction_od_sphere": "N",
      "refraction_od_cylinder": null,
      "refraction_od_axis": null,
      "refraction_od_add": null,
      "refraction_od_prism": "",
      "refraction_os_sphere": "N",
      "refraction_os_cylinder": null,
      "refraction_os_axis": null,
      "refraction_os_add": null,
      "refraction_os_prism": "",
      "refraction_od_dnp": null,
      "refraction_os_dnp": null,
      "pd_distance": null,
      "pd_near": null,
      "pd_od": null,
      "pd_os": null,
      "keratometry_od_k1": null,
      "keratometry_od_k1_axis": null,
      "keratometry_od_k2": null,
      "keratometry_od_k2_axis": null,
      "keratometry_os_k1": null,
      "keratometry_os_k1_axis": null,
      "keratometry_os_k2": null,
      "keratometry_os_k2_axis": null,
      "iop_od": null,
      "iop_os": null,
      "iop_method": "",
      "biomicroscopy_od_lids": "",
      "biomicroscopy_od_conjunctiva": "",
      "biomicroscopy_od_cornea": "",
      "biomicroscopy_od_anterior_chamber": "",
      "biomicroscopy_od_iris": "",
      "biomicroscopy_od_lens": "",
      "biomicroscopy_od_pupil": "",
      "biomicroscopy_os_lids": "",
      "biomicroscopy_os_conjunctiva": "",
      "biomicroscopy_os_cornea": "",
      "biomicroscopy_os_anterior_chamber": "",
      "biomicroscopy_os_iris": "",
      "biomicroscopy_os_lens": "",
      "biomicroscopy_os_pupil": "",
      "external_exam_od": "",
      "external_exam_os": "",
      "fundoscopy_od_vitreous": "",
      "fundoscopy_od_optic_disc": "",
      "fundoscopy_od_cup_disc_ratio": "",
      "fundoscopy_od_macula": "",
      "fundoscopy_od_vessels": "",
      "fundoscopy_od_periphery": "",
      "fundoscopy_od_retina": "",
      "fundoscopy_os_vitreous": "",
      "fundoscopy_os_optic_disc": "",
      "fundoscopy_os_cup_disc_ratio": "",
      "fundoscopy_os_macula": "",
      "fundoscopy_os_vessels": "",
      "fundoscopy_os_periphery": "",
      "fundoscopy_os_retina": "",
      "motility_od": "",
      "motility_os": "",
      "cover_test": "",
      "convergence": "",
      "color_vision_od": "",
      "color_vision_os": "",
      "color_vision_test": "",
      "complementary_exams": "",
      "diagnosis": "",
      "differential_diagnosis": "",
      "dx_myopia": false,
      "dx_hyperopia": false,
      "dx_astigmatism": false,
      "dx_presbyopia": false,
      "dx_amblyopia": false,
      "dx_strabismus": false,
      "dx_cataracts": false,
      "dx_glaucoma": false,
      "dx_dry_eye": false,
      "dx_conjunctivitis": false,
      "dx_keratoconus": false,
      "prognosis": "",
      "disposition": "",
      "treatment_plan": "",
      "pharmaceutical_prescription": "",
      "topical_medication_protocol": "",
      "adjuvant_therapies": "",
      "prescription_glasses": false,
      "prescription_contact_lenses": false,
      "prescription_medication": true,
      "medication_details": "",
      "optical_prescription_notes": "",
      "lens_type": "",
      "lens_material": "",
      "lens_coating": "",
      "lens_brand": "",
      "frame_type": "",
      "contact_lens_type": "",
      "contact_lens_brand": "",
      "contact_lens_material": "",
      "contact_lens_wearing": "",
      "therapy": "",
      "visual_therapy": "",
      "complementary_exam": "",
      "lab_test": "",
      "recommendation": "",
      "follow_up_reason": "",
      "referral_specialty": "",
      "recommendations_text": "",
      "additional_notes": "",
      "diagnosis_text": "",
      "evolution_notes": "",
      "follow_up_date": null,
      "follow_up_notes": "",
      "referral_to": "",
      "referral_reason": "",
      "counter_referral": "",
      "clinical_summary": "",
      "observations": "",
      "recommendations": "",
      "surgical_consent": false,
      "surgical_consent_date": null,
      "cycloplegia_consent": false,
      "cycloplegia_consent_date": null,
      "lab_orders": "",
      "specialized_exam_orders": "",
      "medical_certificate": "",
      "remission_document": "",
      "created_at": "2025-12-03T01:54:39.721Z",
      "updated_at": "2025-12-03T01:54:39.721Z"
    }
  },
  {
    "model": "patients.clinicalhistory",
    "pk": 3,
    "fields": {
      "organization": 2,
      "patient": 3,
      "date": "2025-12-04",
      "last_eye_checkup": "",
      "doctor": 1,
      "chief_complaint": "\u00a8 vengo por que me duele mucho el ojo izquierdo\u00a8 ",
      "current_illness": "",
      "current_clinical_condition": "",
      "pathological_history": "N/A",
      "pharmacological_history": "N/A",
      "surgical_history": "N/A",
      "allergic_history": "Rinitis",
      "trauma_history": "N/A",
      "other_general_history": "N/A",
      "medical_history": "",
      "ocular_pathological_history": "N/A",
      "ocular_pharmacological_history": "N/A",
      "ocular_surgical_history": "N/A",
      "ocular_trauma_history": "N/A",
      "lensometry_lens_type": null,
      "lensometry_notes": "",
      "current_rx_od_sphere": "N",
      "current_rx_od_cylinder": null,
      "current_rx_od_axis": null,
      "current_rx_od_add": null,
      "current_rx_os_sphere": "N",
      "current_rx_os_cylinder": null,
      "current_rx_os_axis": null,
      "current_rx_os_add": null,
      "ocular_therapeutic_history": "xfsdfsdf",
      "blurred_vision": false,
      "eye_pain": false,
      "headaches": false,
      "photophobia": false,
      "diplopia": false,
      "tearing": false,
      "redness": false,
      "itching": false,
      "floaters": false,
      "halos": false,
      "symptoms_notes": "",
      "previous_eye_surgery": false,
      "surgery_details": "",
      "previous_glasses": true,
      "glasses_since": "",
      "previous_contact_lenses": true,
      "family_diabetes": false,
      "family_hypertension": false,
      "family_heart_disease": false,
      "family_cancer": false,
      "family_general_notes": "No refiere ",
      "family_glaucoma": false,
      "family_cataracts": false,
      "family_macular_degeneration": false,
      "family_retinal_detachment": false,
      "family_myopia": false,
      "family_strabismus": false,
      "family_ocular_notes": "No refiere ",
      "family_history_notes": "",
      "occupation_visual_demand": "",
      "screen_hours_daily": null,
      "reading_hours_daily": null,
      "distance_chart": "Anillos Landolt",
      "near_chart": "Cartilla Rosenbaum",
      "va_od_sc_distance": "20/20",
      "va_od_sc_near": "40cm",
      "va_od_cc_distance": "20/20",
      "va_od_cc_near": "40cm",
      "va_os_sc_distance": "20/20",
      "va_os_sc_near": "40cm",
      "va_os_cc_distance": "20/20",
      "va_os_cc_near": "40cm",
      "va_ou_distance": "",
      "va_ou_near": "",
      "refraction_od_sphere": "1.00",
      "refraction_od_cylinder": null,
      "refraction_od_axis": null,
      "refraction_od_add": null,
      "refraction_od_prism": "",
      "refraction_os_sphere": "0.75",
      "refraction_os_cylinder": null,
      "refraction_os_axis": 180,
      "refraction_os_add": null,
      "refraction_os_prism": "",
      "refraction_od_dnp": null,
      "refraction_os_dnp": null,
      "pd_distance": "63.0",
      "pd_near": "62.0",
      "pd_od": "0.5",
      "pd_os": "1.5",
      "keratometry_od_k1": null,
      "keratometry_od_k1_axis": null,
      "keratometry_od_k2": null,
      "keratometry_od_k2_axis": null,
      "keratometry_os_k1": "0.75",
      "keratometry_os_k1_axis": 4,
      "keratometry_os_k2": "0.75",
      "keratometry_os_k2_axis": null,
      "iop_od": null,
      "iop_os": null,
      "iop_method": "",
      "biomicroscopy_od_lids": "Normal",
      "biomicroscopy_od_conjunctiva": "Normal",
      "biomicroscopy_od_cornea": "Transparente",
      "biomicroscopy_od_anterior_chamber": "Formada, profunda",
      "biomicroscopy_od_iris": "Normal",
      "biomicroscopy_od_lens": "Transparente",
      "biomicroscopy_od_pupil": "Redonda, reactiva",
      "biomicroscopy_os_lids": "Normal",
      "biomicroscopy_os_conjunctiva": "Normal",
      "biomicroscopy_os_cornea": "Transparente",
      "biomicroscopy_os_anterior_chamber": "Formada, profunda",
      "biomicroscopy_os_iris": "Normal",
      "biomicroscopy_os_lens": "Transparente",
      "biomicroscopy_os_pupil": "Redonda, reactiva",
      "external_exam_od": "",
      "external_exam_os": "",
      "fundoscopy_od_vitreous": "Transparente",
      "fundoscopy_od_optic_disc": "Rosado, bien definido",
      "fundoscopy_od_cup_disc_ratio": "0.3",
      "fundoscopy_od_macula": "Reflejo foveolar presente",
      "fundoscopy_od_vessels": "Normales, AV 2:3",
      "fundoscopy_od_periphery": "",
      "fundoscopy_od_retina": "Aplicada, sin lesiones",
      "fundoscopy_os_vitreous": "Transparente",
      "fundoscopy_os_optic_disc": "Rosado, bien definido",
      "fundoscopy_os_cup_disc_ratio": "0.3",
      "fundoscopy_os_macula": "Reflejo foveolar presente",
      "fundoscopy_os_vessels": "Normales, AV 2:3",
      "fundoscopy_os_periphery": "",
      "fundoscopy_os_retina": "Aplicada, sin lesiones",
      "motility_od": "",
      "motility_os": "",
      "cover_test": "",
      "convergence": "",
      "color_vision_od": "",
      "color_vision_os": "",
      "color_vision_test": "",
      "complementary_exams": "",
      "diagnosis": "dfgdfgdfg",
      "differential_diagnosis": "",
      "dx_myopia": true,
      "dx_hyperopia": true,
      "dx_astigmatism": true,
      "dx_presbyopia": true,
      "dx_amblyopia": false,
      "dx_strabismus": false,
      "dx_cataracts": false,
      "dx_glaucoma": false,
      "dx_dry_eye": false,
      "dx_conjunctivitis": false,
      "dx_keratoconus": false,
      "prognosis": "",
      "disposition": "",
      "treatment_plan": "Se ordena toma de PIO para descartar glaucoma de angulo cerrado ",
      "pharmaceutical_prescription": "",
      "topical_medication_protocol": "",
      "adjuvant_therapies": "",
      "prescription_glasses": true,
      "prescription_contact_lenses": true,
      "prescription_medication": true,
      "medication_details": "",
      "optical_prescription_notes": "",
      "lens_type": "Ocupacionales",
      "lens_material": "Policarbonato",
      "lens_coating": "",
      "lens_brand": "",
      "frame_type": "",
      "contact_lens_type": "",
      "contact_lens_brand": "",
      "contact_lens_material": "",
      "contact_lens_wearing": "",
      "therapy": "",
      "visual_therapy": "",
      "complementary_exam": "Tonometria",
      "lab_test": "",
      "recommendation": "",
      "follow_up_reason": "",
      "referral_specialty": "",
      "recommendations_text": "",
      "additional_notes": "",
      "diagnosis_text": "",
      "evolution_notes": "",
      "follow_up_date": null,
      "follow_up_notes": "",
      "referral_to": "",
      "referral_reason": "",
      "counter_referral": "",
      "clinical_summary": "",
      "observations": "",
      "recommendations": "",
      "surgical_consent": false,
      "surgical_consent_date": null,
      "cycloplegia_consent": false,
      "cycloplegia_consent_date": null,
      "lab_orders": "",
      "specialized_exam_orders": "",
      "medical_certificate": "",
      "remission_document": "",
      "created_at": "2025-12-04T19:39:47.793Z",
      "updated_at": "2025-12-10T20:21:07.574Z"
    }
  },
  {
    "model": "patients.clinicalhistory",
    "pk": 4,
    "fields": {
      "organization": 2,
      "patient": 6,
      "date": "2025-12-09",
      "last_eye_checkup": "",
      "doctor": 1,
      "chief_complaint": "Renovar formula ",
      "current_illness": "",
      "current_clinical_condition": "",
      "pathological_history": "N/A",
      "pharmacological_history": "N/A",
      "surgical_history": "N/A",
      "allergic_history": "N/A",
      "trauma_history": "N/A",
      "other_general_history": "N/A",
      "medical_history": "",
      "ocular_pathological_history": "N/A",
      "ocular_pharmacological_history": "N/A",
      "ocular_surgical_history": "N/A",
      "ocular_trauma_history": "N/A",
      "lensometry_lens_type": null,
      "lensometry_notes": "",
      "current_rx_od_sphere": "N",
      "current_rx_od_cylinder": null,
      "current_rx_od_axis": null,
      "current_rx_od_add": null,
      "current_rx_os_sphere": "N",
      "current_rx_os_cylinder": null,
      "current_rx_os_axis": null,
      "current_rx_os_add": null,
      "ocular_therapeutic_history": "",
      "blurred_vision": false,
      "eye_pain": false,
      "headaches": false,
      "photophobia": false,
      "diplopia": false,
      "tearing": false,
      "redness": false,
      "itching": false,
      "floaters": false,
      "halos": false,
      "symptoms_notes": "",
      "previous_eye_surgery": false,
      "surgery_details": "",
      "previous_glasses": true,
      "glasses_since": "",
      "previous_contact_lenses": false,
      "family_diabetes": false,
      "family_hypertension": false,
      "family_heart_disease": false,
      "family_cancer": false,
      "family_general_notes": "",
      "family_glaucoma": false,
      "family_cataracts": false,
      "family_macular_degeneration": false,
      "family_retinal_detachment": false,
      "family_myopia": false,
      "family_strabismus": false,
      "family_ocular_notes": "",
      "family_history_notes": "",
      "occupation_visual_demand": "",
      "screen_hours_daily": null,
      "reading_hours_daily": null,
      "distance_chart": "Snellen",
      "near_chart": "",
      "va_od_sc_distance": "20/20",
      "va_od_sc_near": "40 cm ",
      "va_od_cc_distance": "20/20",
      "va_od_cc_near": "40 cm",
      "va_os_sc_distance": "20/20",
      "va_os_sc_near": "40",
      "va_os_cc_distance": "20/20",
      "va_os_cc_near": "40",
      "va_ou_distance": "",
      "va_ou_near": "",
      "refraction_od_sphere": "-1.00",
      "refraction_od_cylinder": null,
      "refraction_od_axis": 90,
      "refraction_od_add": null,
      "refraction_od_prism": "",
      "refraction_os_sphere": "-2.00",
      "refraction_os_cylinder": "-4.00",
      "refraction_os_axis": 180,
      "refraction_os_add": null,
      "refraction_os_prism": "",
      "refraction_od_dnp": "32.0",
      "refraction_os_dnp": "32.0",
      "pd_distance": "63.0",
      "pd_near": null,
      "pd_od": null,
      "pd_os": null,
      "keratometry_od_k1": null,
      "keratometry_od_k1_axis": null,
      "keratometry_od_k2": null,
      "keratometry_od_k2_axis": null,
      "keratometry_os_k1": null,
      "keratometry_os_k1_axis": null,
      "keratometry_os_k2": null,
      "keratometry_os_k2_axis": null,
      "iop_od": null,
      "iop_os": null,
      "iop_method": "",
      "biomicroscopy_od_lids": "",
      "biomicroscopy_od_conjunctiva": "",
      "biomicroscopy_od_cornea": "",
      "biomicroscopy_od_anterior_chamber": "",
      "biomicroscopy_od_iris": "",
      "biomicroscopy_od_lens": "",
      "biomicroscopy_od_pupil": "",
      "biomicroscopy_os_lids": "",
      "biomicroscopy_os_conjunctiva": "",
      "biomicroscopy_os_cornea": "",
      "biomicroscopy_os_anterior_chamber": "",
      "biomicroscopy_os_iris": "",
      "biomicroscopy_os_lens": "",
      "biomicroscopy_os_pupil": "",
      "external_exam_od": "",
      "external_exam_os": "",
      "fundoscopy_od_vitreous": "",
      "fundoscopy_od_optic_disc": "",
      "fundoscopy_od_cup_disc_ratio": "",
      "fundoscopy_od_macula": "",
      "fundoscopy_od_vessels": "",
      "fundoscopy_od_periphery": "",
      "fundoscopy_od_retina": "",
      "fundoscopy_os_vitreous": "",
      "fundoscopy_os_optic_disc": "",
      "fundoscopy_os_cup_disc_ratio": "",
      "fundoscopy_os_macula": "",
      "fundoscopy_os_vessels": "",
      "fundoscopy_os_periphery": "",
      "fundoscopy_os_retina": "",
      "motility_od": "",
      "motility_os": "",
      "cover_test": "",
      "convergence": "",
      "color_vision_od": "",
      "color_vision_os": "",
      "color_vision_test": "",
      "complementary_exams": "",
      "diagnosis": "",
      "differential_diagnosis": "",
      "dx_myopia": false,
      "dx_hyperopia": false,
      "dx_astigmatism": false,
      "dx_presbyopia": false,
      "dx_amblyopia": false,
      "dx_strabismus": false,
      "dx_cataracts": false,
      "dx_glaucoma": false,
      "dx_dry_eye": false,
      "dx_conjunctivitis": false,
      "dx_keratoconus": false,
      "prognosis": "",
      "disposition": "",
      "treatment_plan": "",
      "pharmaceutical_prescription": "",
      "topical_medication_protocol": "",
      "adjuvant_therapies": "",
      "prescription_glasses": false,
      "prescription_contact_lenses": false,
      "prescription_medication": false,
      "medication_details": "",
      "optical_prescription_notes": "",
      "lens_type": "",
      "lens_material": "",
      "lens_coating": "",
      "lens_brand": "",
      "frame_type": "",
      "contact_lens_type": "",
      "contact_lens_brand": "",
      "contact_lens_material": "",
      "contact_lens_wearing": "",
      "therapy": "",
      "visual_therapy": "",
      "complementary_exam": "",
      "lab_test": "",
      "recommendation": "",
      "follow_up_reason": "",
      "referral_specialty": "",
      "recommendations_text": "",
      "additional_notes": "",
      "diagnosis_text": "",
      "evolution_notes": "",
      "follow_up_date": null,
      "follow_up_notes": "",
      "referral_to": "",
      "referral_reason": "",
      "counter_referral": "",
      "clinical_summary": "",
      "observations": "",
      "recommendations": "",
      "surgical_consent": false,
      "surgical_consent_date": null,
      "cycloplegia_consent": false,
      "cycloplegia_consent_date": null,
      "lab_orders": "",
      "specialized_exam_orders": "",
      "medical_certificate": "",
      "remission_document": "",
      "created_at": "2025-12-09T23:50:49.407Z",
      "updated_at": "2025-12-09T23:50:49.407Z"
    }
  },
  {
    "model": "patients.clinicalhistory",
    "pk": 5,
    "fields": {
      "organization": 2,
      "patient": 3,
      "date": "2025-12-10",
      "last_eye_checkup": "",
      "doctor": 2,
      "chief_complaint": ".ljlkjghblj",
      "current_illness": "kjn.k ,.",
      "current_clinical_condition": "",
      "pathological_history": "",
      "pharmacological_history": "",
      "surgical_history": "",
      "allergic_history": "",
      "trauma_history": "",
      "other_general_history": "",
      "medical_history": "",
      "ocular_pathological_history": "",
      "ocular_pharmacological_history": "",
      "ocular_surgical_history": "",
      "ocular_trauma_history": "",
      "lensometry_lens_type": null,
      "lensometry_notes": "",
      "current_rx_od_sphere": "N",
      "current_rx_od_cylinder": null,
      "current_rx_od_axis": null,
      "current_rx_od_add": null,
      "current_rx_os_sphere": "N",
      "current_rx_os_cylinder": null,
      "current_rx_os_axis": null,
      "current_rx_os_add": null,
      "ocular_therapeutic_history": "",
      "blurred_vision": false,
      "eye_pain": false,
      "headaches": false,
      "photophobia": false,
      "diplopia": false,
      "tearing": false,
      "redness": false,
      "itching": false,
      "floaters": false,
      "halos": false,
      "symptoms_notes": "",
      "previous_eye_surgery": false,
      "surgery_details": "",
      "previous_glasses": false,
      "glasses_since": "",
      "previous_contact_lenses": false,
      "family_diabetes": false,
      "family_hypertension": false,
      "family_heart_disease": false,
      "family_cancer": false,
      "family_general_notes": "",
      "family_glaucoma": false,
      "family_cataracts": false,
      "family_macular_degeneration": false,
      "family_retinal_detachment": false,
      "family_myopia": false,
      "family_strabismus": false,
      "family_ocular_notes": "",
      "family_history_notes": "",
      "occupation_visual_demand": "",
      "screen_hours_daily": null,
      "reading_hours_daily": null,
      "distance_chart": "",
      "near_chart": "",
      "va_od_sc_distance": "",
      "va_od_sc_near": "",
      "va_od_cc_distance": "",
      "va_od_cc_near": "",
      "va_os_sc_distance": "",
      "va_os_sc_near": "",
      "va_os_cc_distance": "",
      "va_os_cc_near": "",
      "va_ou_distance": "",
      "va_ou_near": "",
      "refraction_od_sphere": "0.25",
      "refraction_od_cylinder": null,
      "refraction_od_axis": null,
      "refraction_od_add": null,
      "refraction_od_prism": "",
      "refraction_os_sphere": "1.00",
      "refraction_os_cylinder": "-1.50",
      "refraction_os_axis": null,
      "refraction_os_add": null,
      "refraction_os_prism": "",
      "refraction_od_dnp": null,
      "refraction_os_dnp": null,
      "pd_distance": null,
      "pd_near": null,
      "pd_od": null,
      "pd_os": null,
      "keratometry_od_k1": null,
      "keratometry_od_k1_axis": null,
      "keratometry_od_k2": null,
      "keratometry_od_k2_axis": null,
      "keratometry_os_k1": null,
      "keratometry_os_k1_axis": null,
      "keratometry_os_k2": null,
      "keratometry_os_k2_axis": null,
      "iop_od": null,
      "iop_os": null,
      "iop_method": "",
      "biomicroscopy_od_lids": "",
      "biomicroscopy_od_conjunctiva": "",
      "biomicroscopy_od_cornea": "",
      "biomicroscopy_od_anterior_chamber": "",
      "biomicroscopy_od_iris": "",
      "biomicroscopy_od_lens": "",
      "biomicroscopy_od_pupil": "",
      "biomicroscopy_os_lids": "",
      "biomicroscopy_os_conjunctiva": "",
      "biomicroscopy_os_cornea": "",
      "biomicroscopy_os_anterior_chamber": "",
      "biomicroscopy_os_iris": "",
      "biomicroscopy_os_lens": "",
      "biomicroscopy_os_pupil": "",
      "external_exam_od": "",
      "external_exam_os": "",
      "fundoscopy_od_vitreous": "",
      "fundoscopy_od_optic_disc": "",
      "fundoscopy_od_cup_disc_ratio": "",
      "fundoscopy_od_macula": "",
      "fundoscopy_od_vessels": "",
      "fundoscopy_od_periphery": "",
      "fundoscopy_od_retina": "",
      "fundoscopy_os_vitreous": "",
      "fundoscopy_os_optic_disc": "",
      "fundoscopy_os_cup_disc_ratio": "",
      "fundoscopy_os_macula": "",
      "fundoscopy_os_vessels": "",
      "fundoscopy_os_periphery": "",
      "fundoscopy_os_retina": "",
      "motility_od": "",
      "motility_os": "",
      "cover_test": "",
      "convergence": "",
      "color_vision_od": "",
      "color_vision_os": "",
      "color_vision_test": "",
      "complementary_exams": "",
      "diagnosis": "",
      "differential_diagnosis": "",
      "dx_myopia": false,
      "dx_hyperopia": false,
      "dx_astigmatism": false,
      "dx_presbyopia": false,
      "dx_amblyopia": false,
      "dx_strabismus": false,
      "dx_cataracts": false,
      "dx_glaucoma": false,
      "dx_dry_eye": false,
      "dx_conjunctivitis": false,
      "dx_keratoconus": false,
      "prognosis": "",
      "disposition": "",
      "treatment_plan": "",
      "pharmaceutical_prescription": "",
      "topical_medication_protocol": "",
      "adjuvant_therapies": "",
      "prescription_glasses": false,
      "prescription_contact_lenses": false,
      "prescription_medication": false,
      "medication_details": "",
      "optical_prescription_notes": "",
      "lens_type": "",
      "lens_material": "",
      "lens_coating": "",
      "lens_brand": "",
      "frame_type": "",
      "contact_lens_type": "",
      "contact_lens_brand": "",
      "contact_lens_material": "",
      "contact_lens_wearing": "",
      "therapy": "",
      "visual_therapy": "",
      "complementary_exam": "",
      "lab_test": "",
      "recommendation": "",
      "follow_up_reason": "",
      "referral_specialty": "",
      "recommendations_text": "",
      "additional_notes": "",
      "diagnosis_text": "",
      "evolution_notes": "",
      "follow_up_date": null,
      "follow_up_notes": "",
      "referral_to": "",
      "referral_reason": "",
      "counter_referral": "",
      "clinical_summary": "",
      "observations": "",
      "recommendations": "",
      "surgical_consent": false,
      "surgical_consent_date": null,
      "cycloplegia_consent": false,
      "cycloplegia_consent_date": null,
      "lab_orders": "",
      "specialized_exam_orders": "",
      "medical_certificate": "",
      "remission_document": "",
      "created_at": "2025-12-10T20:28:00.007Z",
      "updated_at": "2025-12-10T20:28:00.007Z"
    }
  },
  {
    "model": "patients.clinicalhistory",
    "pk": 6,
    "fields": {
      "organization": 2,
      "patient": 9,
      "date": "2025-12-12",
      "last_eye_checkup": "",
      "doctor": 2,
      "chief_complaint": "Ama de casa ",
      "current_illness": "",
      "current_clinical_condition": "",
      "pathological_history": "Tiriodes ",
      "pharmacological_history": "levotiroxina, metformina,",
      "surgical_history": "N/A",
      "allergic_history": "N/A",
      "trauma_history": "N/A",
      "other_general_history": "N/A",
      "medical_history": "",
      "ocular_pathological_history": "N/A",
      "ocular_pharmacological_history": "N/A",
      "ocular_surgical_history": "N/A",
      "ocular_trauma_history": "N/A",
      "lensometry_lens_type": null,
      "lensometry_notes": "",
      "current_rx_od_sphere": "N",
      "current_rx_od_cylinder": null,
      "current_rx_od_axis": null,
      "current_rx_od_add": null,
      "current_rx_os_sphere": "N",
      "current_rx_os_cylinder": null,
      "current_rx_os_axis": null,
      "current_rx_os_add": null,
      "ocular_therapeutic_history": "",
      "blurred_vision": false,
      "eye_pain": false,
      "headaches": false,
      "photophobia": false,
      "diplopia": false,
      "tearing": false,
      "redness": false,
      "itching": false,
      "floaters": false,
      "halos": false,
      "symptoms_notes": "",
      "previous_eye_surgery": false,
      "surgery_details": "",
      "previous_glasses": false,
      "glasses_since": "",
      "previous_contact_lenses": false,
      "family_diabetes": false,
      "family_hypertension": false,
      "family_heart_disease": false,
      "family_cancer": false,
      "family_general_notes": "",
      "family_glaucoma": false,
      "family_cataracts": false,
      "family_macular_degeneration": false,
      "family_retinal_detachment": false,
      "family_myopia": false,
      "family_strabismus": false,
      "family_ocular_notes": "",
      "family_history_notes": "",
      "occupation_visual_demand": "",
      "screen_hours_daily": null,
      "reading_hours_daily": null,
      "distance_chart": "Snellen",
      "near_chart": "Tabla de Jaeger",
      "va_od_sc_distance": "",
      "va_od_sc_near": "",
      "va_od_cc_distance": "20/30",
      "va_od_cc_near": "1.25 M",
      "va_os_sc_distance": "",
      "va_os_sc_near": "",
      "va_os_cc_distance": "20/100",
      "va_os_cc_near": "",
      "va_ou_distance": "",
      "va_ou_near": "",
      "refraction_od_sphere": "-1.00",
      "refraction_od_cylinder": "-1.25",
      "refraction_od_axis": 90,
      "refraction_od_add": "2.25",
      "refraction_od_prism": "",
      "refraction_os_sphere": "-5.00",
      "refraction_os_cylinder": "-1.50",
      "refraction_os_axis": 50,
      "refraction_os_add": "2.25",
      "refraction_os_prism": "",
      "refraction_od_dnp": "31.0",
      "refraction_os_dnp": "32.0",
      "pd_distance": "63.0",
      "pd_near": null,
      "pd_od": null,
      "pd_os": null,
      "keratometry_od_k1": null,
      "keratometry_od_k1_axis": null,
      "keratometry_od_k2": null,
      "keratometry_od_k2_axis": null,
      "keratometry_os_k1": null,
      "keratometry_os_k1_axis": null,
      "keratometry_os_k2": null,
      "keratometry_os_k2_axis": null,
      "iop_od": null,
      "iop_os": null,
      "iop_method": "",
      "biomicroscopy_od_lids": "Normal",
      "biomicroscopy_od_conjunctiva": "Normal",
      "biomicroscopy_od_cornea": "Transparente",
      "biomicroscopy_od_anterior_chamber": "Formada, profunda",
      "biomicroscopy_od_iris": "Normal",
      "biomicroscopy_od_lens": "facoesclerosis",
      "biomicroscopy_od_pupil": "Redonda, reactiva",
      "biomicroscopy_os_lids": "Normal",
      "biomicroscopy_os_conjunctiva": "Normal",
      "biomicroscopy_os_cornea": "Transparente",
      "biomicroscopy_os_anterior_chamber": "Formada, profunda",
      "biomicroscopy_os_iris": "Normal",
      "biomicroscopy_os_lens": "facoesclerosis",
      "biomicroscopy_os_pupil": "Redonda, reactiva",
      "external_exam_od": "",
      "external_exam_os": "",
      "fundoscopy_od_vitreous": "Transparente",
      "fundoscopy_od_optic_disc": "Rosado, bien definido",
      "fundoscopy_od_cup_disc_ratio": "0.3",
      "fundoscopy_od_macula": "Reflejo foveolar presente",
      "fundoscopy_od_vessels": "Normales, AV 2:3",
      "fundoscopy_od_periphery": "",
      "fundoscopy_od_retina": "Aplicada, sin lesiones",
      "fundoscopy_os_vitreous": "Transparente",
      "fundoscopy_os_optic_disc": "Rosado, bien definido",
      "fundoscopy_os_cup_disc_ratio": "0.3",
      "fundoscopy_os_macula": "Reflejo foveolar presente",
      "fundoscopy_os_vessels": "Normales, AV 2:3",
      "fundoscopy_os_periphery": "",
      "fundoscopy_os_retina": "Aplicada, sin lesiones",
      "motility_od": "",
      "motility_os": "",
      "cover_test": "",
      "convergence": "",
      "color_vision_od": "",
      "color_vision_os": "",
      "color_vision_test": "",
      "complementary_exams": "",
      "diagnosis": "",
      "differential_diagnosis": "",
      "dx_myopia": true,
      "dx_hyperopia": false,
      "dx_astigmatism": true,
      "dx_presbyopia": true,
      "dx_amblyopia": false,
      "dx_strabismus": false,
      "dx_cataracts": false,
      "dx_glaucoma": false,
      "dx_dry_eye": false,
      "dx_conjunctivitis": false,
      "dx_keratoconus": false,
      "prognosis": "",
      "disposition": "",
      "treatment_plan": "Uso permanente ",
      "pharmaceutical_prescription": "",
      "topical_medication_protocol": "",
      "adjuvant_therapies": "",
      "prescription_glasses": true,
      "prescription_contact_lenses": false,
      "prescription_medication": false,
      "medication_details": "",
      "optical_prescription_notes": "",
      "lens_type": "Progresivo",
      "lens_material": "Policarbonato",
      "lens_coating": "",
      "lens_brand": "",
      "frame_type": "",
      "contact_lens_type": "",
      "contact_lens_brand": "",
      "contact_lens_material": "",
      "contact_lens_wearing": "",
      "therapy": "",
      "visual_therapy": "",
      "complementary_exam": "Tonometria",
      "lab_test": "",
      "recommendation": "",
      "follow_up_reason": "",
      "referral_specialty": "",
      "recommendations_text": "",
      "additional_notes": "",
      "diagnosis_text": "",
      "evolution_notes": "",
      "follow_up_date": null,
      "follow_up_notes": "",
      "referral_to": "",
      "referral_reason": "",
      "counter_referral": "",
      "clinical_summary": "",
      "observations": "",
      "recommendations": "",
      "surgical_consent": false,
      "surgical_consent_date": null,
      "cycloplegia_consent": false,
      "cycloplegia_consent_date": null,
      "lab_orders": "",
      "specialized_exam_orders": "",
      "medical_certificate": "",
      "remission_document": "",
      "created_at": "2025-12-12T23:35:50.836Z",
      "updated_at": "2025-12-12T23:35:50.836Z"
    }
  },
  {
    "model": "patients.clinicalhistory",
    "pk": 7,
    "fields": {
      "organization": 22,
      "patient": 26,
      "date": "2025-12-17",
      "last_eye_checkup": "",
      "doctor": 4,
      "chief_complaint": "lklklklkl",
      "current_illness": "ll{\u00f1{\u00f1{\u00f1{",
      "current_clinical_condition": "",
      "pathological_history": "N/A",
      "pharmacological_history": "N/A",
      "surgical_history": "N/A",
      "allergic_history": "N/A",
      "trauma_history": "N/A",
      "other_general_history": "N/A",
      "medical_history": "",
      "ocular_pathological_history": "N/A",
      "ocular_pharmacological_history": "N/A",
      "ocular_surgical_history": "N/A",
      "ocular_trauma_history": "N/A",
      "lensometry_lens_type": null,
      "lensometry_notes": "",
      "current_rx_od_sphere": "N",
      "current_rx_od_cylinder": null,
      "current_rx_od_axis": null,
      "current_rx_od_add": null,
      "current_rx_os_sphere": "N",
      "current_rx_os_cylinder": null,
      "current_rx_os_axis": null,
      "current_rx_os_add": null,
      "ocular_therapeutic_history": "kjkjk",
      "blurred_vision": false,
      "eye_pain": false,
      "headaches": false,
      "photophobia": false,
      "diplopia": false,
      "tearing": false,
      "redness": false,
      "itching": false,
      "floaters": false,
      "halos": false,
      "symptoms_notes": "",
      "previous_eye_surgery": false,
      "surgery_details": "",
      "previous_glasses": true,
      "glasses_since": "",
      "previous_contact_lenses": true,
      "family_diabetes": true,
      "family_hypertension": true,
      "family_heart_disease": true,
      "family_cancer": true,
      "family_general_notes": "jhjhjhjh",
      "family_glaucoma": true,
      "family_cataracts": true,
      "family_macular_degeneration": true,
      "family_retinal_detachment": true,
      "family_myopia": true,
      "family_strabismus": true,
      "family_ocular_notes": "jhjhjhjh",
      "family_history_notes": "",
      "occupation_visual_demand": "",
      "screen_hours_daily": null,
      "reading_hours_daily": null,
      "distance_chart": "Figuras",
      "near_chart": "",
      "va_od_sc_distance": "20/20",
      "va_od_sc_near": "40cm",
      "va_od_cc_distance": "20/20",
      "va_od_cc_near": "40cm",
      "va_os_sc_distance": "20/20",
      "va_os_sc_near": "40cm",
      "va_os_cc_distance": "",
      "va_os_cc_near": "40cm",
      "va_ou_distance": "",
      "va_ou_near": "",
      "refraction_od_sphere": "N",
      "refraction_od_cylinder": "0.75",
      "refraction_od_axis": 3,
      "refraction_od_add": "1.25",
      "refraction_od_prism": "base",
      "refraction_os_sphere": "N",
      "refraction_os_cylinder": "-0.75",
      "refraction_os_axis": 3,
      "refraction_os_add": "1.25",
      "refraction_os_prism": "base",
      "refraction_od_dnp": "2.0",
      "refraction_os_dnp": "2.0",
      "pd_distance": "1.5",
      "pd_near": "1.5",
      "pd_od": "0.5",
      "pd_os": "1.0",
      "keratometry_od_k1": "0.50",
      "keratometry_od_k1_axis": 2,
      "keratometry_od_k2": "0.75",
      "keratometry_od_k2_axis": null,
      "keratometry_os_k1": "0.75",
      "keratometry_os_k1_axis": 2,
      "keratometry_os_k2": "0.75",
      "keratometry_os_k2_axis": null,
      "iop_od": null,
      "iop_os": null,
      "iop_method": "",
      "biomicroscopy_od_lids": "Normal",
      "biomicroscopy_od_conjunctiva": "Normal",
      "biomicroscopy_od_cornea": "Transparente",
      "biomicroscopy_od_anterior_chamber": "Formada, profunda",
      "biomicroscopy_od_iris": "Normal",
      "biomicroscopy_od_lens": "Transparente",
      "biomicroscopy_od_pupil": "Redonda, reactiva",
      "biomicroscopy_os_lids": "Normal",
      "biomicroscopy_os_conjunctiva": "Normal",
      "biomicroscopy_os_cornea": "Transparente",
      "biomicroscopy_os_anterior_chamber": "Formada, profunda",
      "biomicroscopy_os_iris": "Normal",
      "biomicroscopy_os_lens": "Transparente",
      "biomicroscopy_os_pupil": "Redonda, reactiva",
      "external_exam_od": "",
      "external_exam_os": "",
      "fundoscopy_od_vitreous": "Transparente",
      "fundoscopy_od_optic_disc": "Rosado, bien definido",
      "fundoscopy_od_cup_disc_ratio": "0.3",
      "fundoscopy_od_macula": "Reflejo foveolar presente",
      "fundoscopy_od_vessels": "Normales, AV 2:3",
      "fundoscopy_od_periphery": "",
      "fundoscopy_od_retina": "Aplicada, sin lesiones",
      "fundoscopy_os_vitreous": "Transparente",
      "fundoscopy_os_optic_disc": "Rosado, bien definido",
      "fundoscopy_os_cup_disc_ratio": "0.3",
      "fundoscopy_os_macula": "Reflejo foveolar presente",
      "fundoscopy_os_vessels": "Normales, AV 2:3",
      "fundoscopy_os_periphery": "",
      "fundoscopy_os_retina": "Aplicada, sin lesiones",
      "motility_od": "",
      "motility_os": "",
      "cover_test": "",
      "convergence": "",
      "color_vision_od": "",
      "color_vision_os": "",
      "color_vision_test": "",
      "complementary_exams": "",
      "diagnosis": "ljhlkjklj",
      "differential_diagnosis": "",
      "dx_myopia": true,
      "dx_hyperopia": true,
      "dx_astigmatism": true,
      "dx_presbyopia": true,
      "dx_amblyopia": false,
      "dx_strabismus": false,
      "dx_cataracts": false,
      "dx_glaucoma": false,
      "dx_dry_eye": false,
      "dx_conjunctivitis": false,
      "dx_keratoconus": false,
      "prognosis": "",
      "disposition": "",
      "treatment_plan": "jhjkhkjhjkhjk",
      "pharmaceutical_prescription": "",
      "topical_medication_protocol": "",
      "adjuvant_therapies": "",
      "prescription_glasses": true,
      "prescription_contact_lenses": true,
      "prescription_medication": true,
      "medication_details": "sdfsdfdsfdf",
      "optical_prescription_notes": "",
      "lens_type": "single",
      "lens_material": "",
      "lens_coating": "",
      "lens_brand": "",
      "frame_type": "",
      "contact_lens_type": "",
      "contact_lens_brand": "",
      "contact_lens_material": "",
      "contact_lens_wearing": "",
      "therapy": "",
      "visual_therapy": "",
      "complementary_exam": "",
      "lab_test": "",
      "recommendation": "",
      "follow_up_reason": "",
      "referral_specialty": "",
      "recommendations_text": "",
      "additional_notes": "",
      "diagnosis_text": "",
      "evolution_notes": "",
      "follow_up_date": null,
      "follow_up_notes": "",
      "referral_to": "",
      "referral_reason": "",
      "counter_referral": "",
      "clinical_summary": "",
      "observations": "",
      "recommendations": "",
      "surgical_consent": false,
      "surgical_consent_date": null,
      "cycloplegia_consent": false,
      "cycloplegia_consent_date": null,
      "lab_orders": "",
      "specialized_exam_orders": "",
      "medical_certificate": "",
      "remission_document": "",
      "created_at": "2025-12-17T15:50:36.308Z",
      "updated_at": "2025-12-17T15:50:36.308Z"
    }
  },
  {
    "model": "patients.clinicalhistory",
    "pk": 8,
    "fields": {
      "organization": 22,
      "patient": 28,
      "date": "2025-12-17",
      "last_eye_checkup": "",
      "doctor": 4,
      "chief_complaint": "xdfgfgdfg",
      "current_illness": "dfgdfgdfgdfg",
      "current_clinical_condition": "",
      "pathological_history": "N/A",
      "pharmacological_history": "N/A",
      "surgical_history": "N/A",
      "allergic_history": "N/A",
      "trauma_history": "N/A",
      "other_general_history": "N/A",
      "medical_history": "",
      "ocular_pathological_history": "N/A",
      "ocular_pharmacological_history": "N/A",
      "ocular_surgical_history": "N/A",
      "ocular_trauma_history": "N/A",
      "lensometry_lens_type": null,
      "lensometry_notes": "",
      "current_rx_od_sphere": "N",
      "current_rx_od_cylinder": null,
      "current_rx_od_axis": null,
      "current_rx_od_add": null,
      "current_rx_os_sphere": "N",
      "current_rx_os_cylinder": null,
      "current_rx_os_axis": null,
      "current_rx_os_add": null,
      "ocular_therapeutic_history": "dfgdfg",
      "blurred_vision": false,
      "eye_pain": false,
      "headaches": false,
      "photophobia": false,
      "diplopia": false,
      "tearing": false,
      "redness": false,
      "itching": false,
      "floaters": false,
      "halos": false,
      "symptoms_notes": "",
      "previous_eye_surgery": false,
      "surgery_details": "",
      "previous_glasses": true,
      "glasses_since": "",
      "previous_contact_lenses": true,
      "family_diabetes": true,
      "family_hypertension": true,
      "family_heart_disease": true,
      "family_cancer": true,
      "family_general_notes": "fgfg",
      "family_glaucoma": true,
      "family_cataracts": true,
      "family_macular_degeneration": true,
      "family_retinal_detachment": true,
      "family_myopia": true,
      "family_strabismus": true,
      "family_ocular_notes": "dfgdfg",
      "family_history_notes": "",
      "occupation_visual_demand": "",
      "screen_hours_daily": null,
      "reading_hours_daily": null,
      "distance_chart": "Snellen metros",
      "near_chart": "Jaeger",
      "va_od_sc_distance": "6/6",
      "va_od_sc_near": "40cm",
      "va_od_cc_distance": "6/6",
      "va_od_cc_near": "40cm",
      "va_os_sc_distance": "6/6",
      "va_os_sc_near": "40cm",
      "va_os_cc_distance": "6/6",
      "va_os_cc_near": "40cm",
      "va_ou_distance": "",
      "va_ou_near": "",
      "refraction_od_sphere": "N",
      "refraction_od_cylinder": "1.25",
      "refraction_od_axis": 6,
      "refraction_od_add": "0.25",
      "refraction_od_prism": "base",
      "refraction_os_sphere": "N",
      "refraction_os_cylinder": "-1.25",
      "refraction_os_axis": 9,
      "refraction_os_add": "0.25",
      "refraction_os_prism": "base",
      "refraction_od_dnp": "32.0",
      "refraction_os_dnp": "32.0",
      "pd_distance": "1.5",
      "pd_near": "2.5",
      "pd_od": "3.0",
      "pd_os": "3.0",
      "keratometry_od_k1": "0.25",
      "keratometry_od_k1_axis": 0,
      "keratometry_od_k2": "1.00",
      "keratometry_od_k2_axis": null,
      "keratometry_os_k1": "-0.50",
      "keratometry_os_k1_axis": 0,
      "keratometry_os_k2": "-1.00",
      "keratometry_os_k2_axis": null,
      "iop_od": null,
      "iop_os": null,
      "iop_method": "",
      "biomicroscopy_od_lids": "Normal",
      "biomicroscopy_od_conjunctiva": "Normal",
      "biomicroscopy_od_cornea": "Transparente",
      "biomicroscopy_od_anterior_chamber": "Formada, profunda",
      "biomicroscopy_od_iris": "Normal",
      "biomicroscopy_od_lens": "Transparente",
      "biomicroscopy_od_pupil": "Redonda, reactiva",
      "biomicroscopy_os_lids": "Normal",
      "biomicroscopy_os_conjunctiva": "Normal",
      "biomicroscopy_os_cornea": "Transparente",
      "biomicroscopy_os_anterior_chamber": "Formada, profunda",
      "biomicroscopy_os_iris": "Normal",
      "biomicroscopy_os_lens": "Transparente",
      "biomicroscopy_os_pupil": "Redonda, reactiva",
      "external_exam_od": "",
      "external_exam_os": "",
      "fundoscopy_od_vitreous": "Transparente",
      "fundoscopy_od_optic_disc": "Rosado, bien definido",
      "fundoscopy_od_cup_disc_ratio": "0.3",
      "fundoscopy_od_macula": "Reflejo foveolar presente",
      "fundoscopy_od_vessels": "Normales, AV 2:3",
      "fundoscopy_od_periphery": "",
      "fundoscopy_od_retina": "Aplicada, sin lesiones",
      "fundoscopy_os_vitreous": "Transparente",
      "fundoscopy_os_optic_disc": "Rosado, bien definido",
      "fundoscopy_os_cup_disc_ratio": "0.3",
      "fundoscopy_os_macula": "Reflejo foveolar presente",
      "fundoscopy_os_vessels": "Normales, AV 2:3",
      "fundoscopy_os_periphery": "",
      "fundoscopy_os_retina": "Aplicada, sin lesiones",
      "motility_od": "",
      "motility_os": "",
      "cover_test": "",
      "convergence": "",
      "color_vision_od": "",
      "color_vision_os": "",
      "color_vision_test": "",
      "complementary_exams": "",
      "diagnosis": "dfgdfgdfg",
      "differential_diagnosis": "",
      "dx_myopia": true,
      "dx_hyperopia": true,
      "dx_astigmatism": true,
      "dx_presbyopia": true,
      "dx_amblyopia": false,
      "dx_strabismus": false,
      "dx_cataracts": false,
      "dx_glaucoma": false,
      "dx_dry_eye": false,
      "dx_conjunctivitis": false,
      "dx_keratoconus": false,
      "prognosis": "",
      "disposition": "",
      "treatment_plan": "dfgdfgdfg",
      "pharmaceutical_prescription": "",
      "topical_medication_protocol": "",
      "adjuvant_therapies": "",
      "prescription_glasses": true,
      "prescription_contact_lenses": true,
      "prescription_medication": true,
      "medication_details": "L\u00e1grimas Artificiales - 1-2 gotas, Seg\u00fan necesidad\r\nSystane - 1-2 gotas, 3-4 veces al d\u00eda",
      "optical_prescription_notes": "",
      "lens_type": "Monofocales",
      "lens_material": "CR-39 (Resina Est\u00e1ndar)",
      "lens_coating": "Blue Light (Luz Azul), Fotocrom\u00e1tico, Transitions Signature",
      "lens_brand": "Essilor",
      "frame_type": "Wayfarer",
      "contact_lens_type": "Blandos",
      "contact_lens_brand": "Biofinity (CooperVision)",
      "contact_lens_material": "Etafilcon A",
      "contact_lens_wearing": "Diario Desechable",
      "therapy": "",
      "visual_therapy": "Ort\u00f3ptica",
      "complementary_exam": "Topograf\u00eda Corneal",
      "lab_test": "",
      "recommendation": "Uso constante de lentes, Uso de lentes para lejos",
      "follow_up_reason": "",
      "referral_specialty": "C\u00f3rnea y Segmento Anterior",
      "recommendations_text": "",
      "additional_notes": "",
      "diagnosis_text": "",
      "evolution_notes": "",
      "follow_up_date": null,
      "follow_up_notes": "",
      "referral_to": "",
      "referral_reason": "",
      "counter_referral": "",
      "clinical_summary": "",
      "observations": "",
      "recommendations": "",
      "surgical_consent": false,
      "surgical_consent_date": null,
      "cycloplegia_consent": false,
      "cycloplegia_consent_date": null,
      "lab_orders": "",
      "specialized_exam_orders": "",
      "medical_certificate": "",
      "remission_document": "",
      "created_at": "2025-12-17T17:43:21.066Z",
      "updated_at": "2025-12-17T17:43:21.066Z"
    }
  },
  {
    "model": "patients.clinicalhistory",
    "pk": 9,
    "fields": {
      "organization": 2,
      "patient": 29,
      "date": "2025-12-17",
      "last_eye_checkup": "",
      "doctor": 1,
      "chief_complaint": "cambio de formula por que se me perdieron las gafas ",
      "current_illness": "Paciente usuario de correccion optica que asiste a consulta por que perdio sus gafas y reporta prurito, lagrimeo, vision borrosa",
      "current_clinical_condition": "",
      "pathological_history": "N/A",
      "pharmacological_history": "N/A",
      "surgical_history": "N/A",
      "allergic_history": "Rinitis",
      "trauma_history": "N/A",
      "other_general_history": "N/A",
      "medical_history": "",
      "ocular_pathological_history": "N/A",
      "ocular_pharmacological_history": "N/A",
      "ocular_surgical_history": "N/A",
      "ocular_trauma_history": "N/A",
      "lensometry_lens_type": null,
      "lensometry_notes": "",
      "current_rx_od_sphere": "N",
      "current_rx_od_cylinder": null,
      "current_rx_od_axis": null,
      "current_rx_od_add": null,
      "current_rx_os_sphere": "N",
      "current_rx_os_cylinder": null,
      "current_rx_os_axis": null,
      "current_rx_os_add": null,
      "ocular_therapeutic_history": "",
      "blurred_vision": false,
      "eye_pain": false,
      "headaches": false,
      "photophobia": false,
      "diplopia": false,
      "tearing": false,
      "redness": false,
      "itching": false,
      "floaters": false,
      "halos": false,
      "symptoms_notes": "",
      "previous_eye_surgery": false,
      "surgery_details": "",
      "previous_glasses": true,
      "glasses_since": "",
      "previous_contact_lenses": false,
      "family_diabetes": false,
      "family_hypertension": true,
      "family_heart_disease": false,
      "family_cancer": false,
      "family_general_notes": "",
      "family_glaucoma": false,
      "family_cataracts": false,
      "family_macular_degeneration": false,
      "family_retinal_detachment": false,
      "family_myopia": false,
      "family_strabismus": false,
      "family_ocular_notes": "",
      "family_history_notes": "",
      "occupation_visual_demand": "",
      "screen_hours_daily": null,
      "reading_hours_daily": null,
      "distance_chart": "Snellen pies",
      "near_chart": "Jaeger",
      "va_od_sc_distance": "20/30",
      "va_od_sc_near": "0.50 M",
      "va_od_cc_distance": "20/20",
      "va_od_cc_near": "0.50  M",
      "va_os_sc_distance": "20/30",
      "va_os_sc_near": "0.50 M",
      "va_os_cc_distance": "20/20",
      "va_os_cc_near": "0.50 M",
      "va_ou_distance": "",
      "va_ou_near": "",
      "refraction_od_sphere": "0.0",
      "refraction_od_cylinder": "-0.75",
      "refraction_od_axis": 180,
      "refraction_od_add": null,
      "refraction_od_prism": "",
      "refraction_os_sphere": "0.0",
      "refraction_os_cylinder": "-0.75",
      "refraction_os_axis": 180,
      "refraction_os_add": null,
      "refraction_os_prism": "",
      "refraction_od_dnp": null,
      "refraction_os_dnp": null,
      "pd_distance": "53.0",
      "pd_near": null,
      "pd_od": null,
      "pd_os": null,
      "keratometry_od_k1": "44.50",
      "keratometry_od_k1_axis": 175,
      "keratometry_od_k2": "46.00",
      "keratometry_od_k2_axis": null,
      "keratometry_os_k1": "44.75",
      "keratometry_os_k1_axis": 97,
      "keratometry_os_k2": "46.00",
      "keratometry_os_k2_axis": null,
      "iop_od": null,
      "iop_os": null,
      "iop_method": "",
      "biomicroscopy_od_lids": "Normal",
      "biomicroscopy_od_conjunctiva": "Normal",
      "biomicroscopy_od_cornea": "Transparente",
      "biomicroscopy_od_anterior_chamber": "Formada, profunda",
      "biomicroscopy_od_iris": "Normal",
      "biomicroscopy_od_lens": "Transparente",
      "biomicroscopy_od_pupil": "Redonda, reactiva",
      "biomicroscopy_os_lids": "Normal",
      "biomicroscopy_os_conjunctiva": "Normal",
      "biomicroscopy_os_cornea": "Transparente",
      "biomicroscopy_os_anterior_chamber": "Formada, profunda",
      "biomicroscopy_os_iris": "Normal",
      "biomicroscopy_os_lens": "Transparente",
      "biomicroscopy_os_pupil": "Redonda, reactiva",
      "external_exam_od": "",
      "external_exam_os": "",
      "fundoscopy_od_vitreous": "Transparente",
      "fundoscopy_od_optic_disc": "Rosado, bien definido",
      "fundoscopy_od_cup_disc_ratio": "0.3",
      "fundoscopy_od_macula": "Reflejo foveolar presente",
      "fundoscopy_od_vessels": "Normales, AV 2:3",
      "fundoscopy_od_periphery": "",
      "fundoscopy_od_retina": "Aplicada, sin lesiones",
      "fundoscopy_os_vitreous": "Transparente",
      "fundoscopy_os_optic_disc": "Rosado, bien definido",
      "fundoscopy_os_cup_disc_ratio": "0.3",
      "fundoscopy_os_macula": "Reflejo foveolar presente",
      "fundoscopy_os_vessels": "Normales, AV 2:3",
      "fundoscopy_os_periphery": "",
      "fundoscopy_os_retina": "Aplicada, sin lesiones",
      "motility_od": "",
      "motility_os": "",
      "cover_test": "",
      "convergence": "",
      "color_vision_od": "",
      "color_vision_os": "",
      "color_vision_test": "",
      "complementary_exams": "",
      "diagnosis": "",
      "differential_diagnosis": "",
      "dx_myopia": false,
      "dx_hyperopia": false,
      "dx_astigmatism": true,
      "dx_presbyopia": false,
      "dx_amblyopia": false,
      "dx_strabismus": false,
      "dx_cataracts": false,
      "dx_glaucoma": false,
      "dx_dry_eye": false,
      "dx_conjunctivitis": false,
      "dx_keratoconus": false,
      "prognosis": "",
      "disposition": "",
      "treatment_plan": "Se envia prescripcion para lentes",
      "pharmaceutical_prescription": "",
      "topical_medication_protocol": "",
      "adjuvant_therapies": "",
      "prescription_glasses": true,
      "prescription_contact_lenses": false,
      "prescription_medication": false,
      "medication_details": "",
      "optical_prescription_notes": "",
      "lens_type": "Monofocales",
      "lens_material": "Policarbonato",
      "lens_coating": "Blue Light (Luz Azul)",
      "lens_brand": "",
      "frame_type": "",
      "contact_lens_type": "",
      "contact_lens_brand": "",
      "contact_lens_material": "",
      "contact_lens_wearing": "",
      "therapy": "Compresas Fr\u00edas, Compresas Calientes, Higiene Palpebral, Descanso Visual, Regla 20-20-20, Ergonom\u00eda Visual",
      "visual_therapy": "",
      "complementary_exam": "",
      "lab_test": "",
      "recommendation": "",
      "follow_up_reason": "",
      "referral_specialty": "",
      "recommendations_text": "",
      "additional_notes": "",
      "diagnosis_text": "",
      "evolution_notes": "",
      "follow_up_date": null,
      "follow_up_notes": "",
      "referral_to": "",
      "referral_reason": "",
      "counter_referral": "",
      "clinical_summary": "",
      "observations": "",
      "recommendations": "",
      "surgical_consent": false,
      "surgical_consent_date": null,
      "cycloplegia_consent": false,
      "cycloplegia_consent_date": null,
      "lab_orders": "",
      "specialized_exam_orders": "",
      "medical_certificate": "",
      "remission_document": "",
      "created_at": "2025-12-17T19:46:23.386Z",
      "updated_at": "2025-12-17T19:57:37.805Z"
    }
  },
  {
    "model": "patients.clinicalhistory",
    "pk": 10,
    "fields": {
      "organization": 2,
      "patient": 30,
      "date": "2025-12-17",
      "last_eye_checkup": "",
      "doctor": 1,
      "chief_complaint": "Renovar formula ",
      "current_illness": "Paciente usuaria de lentes, ultimo control hace un a\u00f1o refiere que no ve bien con las gafas, reporta prurito, y fatiga visual ",
      "current_clinical_condition": "",
      "pathological_history": "N/A",
      "pharmacological_history": "N/A",
      "surgical_history": "N/A",
      "allergic_history": "N/A",
      "trauma_history": "N/A",
      "other_general_history": "N/A",
      "medical_history": "",
      "ocular_pathological_history": "N/A",
      "ocular_pharmacological_history": "N/A",
      "ocular_surgical_history": "Cx ojo izquierdo",
      "ocular_trauma_history": "Cx ojo  izquierdo a los 7 a\u00f1os por trauma con roca",
      "lensometry_lens_type": null,
      "lensometry_notes": "",
      "current_rx_od_sphere": "N",
      "current_rx_od_cylinder": null,
      "current_rx_od_axis": null,
      "current_rx_od_add": null,
      "current_rx_os_sphere": "N",
      "current_rx_os_cylinder": null,
      "current_rx_os_axis": null,
      "current_rx_os_add": null,
      "ocular_therapeutic_history": "",
      "blurred_vision": false,
      "eye_pain": false,
      "headaches": false,
      "photophobia": false,
      "diplopia": false,
      "tearing": false,
      "redness": false,
      "itching": false,
      "floaters": false,
      "halos": false,
      "symptoms_notes": "",
      "previous_eye_surgery": false,
      "surgery_details": "",
      "previous_glasses": true,
      "glasses_since": "",
      "previous_contact_lenses": false,
      "family_diabetes": false,
      "family_hypertension": false,
      "family_heart_disease": false,
      "family_cancer": false,
      "family_general_notes": "N/A",
      "family_glaucoma": false,
      "family_cataracts": false,
      "family_macular_degeneration": false,
      "family_retinal_detachment": false,
      "family_myopia": false,
      "family_strabismus": false,
      "family_ocular_notes": "N/A",
      "family_history_notes": "",
      "occupation_visual_demand": "",
      "screen_hours_daily": null,
      "reading_hours_daily": null,
      "distance_chart": "Snellen pies",
      "near_chart": "Jaeger",
      "va_od_sc_distance": "20/25",
      "va_od_sc_near": "0.50 CM",
      "va_od_cc_distance": "20/20+",
      "va_od_cc_near": "O.50 CM",
      "va_os_sc_distance": "NPL",
      "va_os_sc_near": "NPL",
      "va_os_cc_distance": "NPL",
      "va_os_cc_near": "NPL",
      "va_ou_distance": "",
      "va_ou_near": "",
      "refraction_od_sphere": "0.0",
      "refraction_od_cylinder": "-4.00",
      "refraction_od_axis": 175,
      "refraction_od_add": null,
      "refraction_od_prism": "",
      "refraction_os_sphere": "N",
      "refraction_os_cylinder": null,
      "refraction_os_axis": null,
      "refraction_os_add": null,
      "refraction_os_prism": "",
      "refraction_od_dnp": "29.0",
      "refraction_os_dnp": null,
      "pd_distance": null,
      "pd_near": null,
      "pd_od": null,
      "pd_os": null,
      "keratometry_od_k1": "43.50",
      "keratometry_od_k1_axis": null,
      "keratometry_od_k2": null,
      "keratometry_od_k2_axis": null,
      "keratometry_os_k1": null,
      "keratometry_os_k1_axis": null,
      "keratometry_os_k2": null,
      "keratometry_os_k2_axis": null,
      "iop_od": null,
      "iop_os": null,
      "iop_method": "",
      "biomicroscopy_od_lids": "Normal",
      "biomicroscopy_od_conjunctiva": "Normal",
      "biomicroscopy_od_cornea": "Transparente, signo de munson y monse",
      "biomicroscopy_od_anterior_chamber": "Formada, profunda",
      "biomicroscopy_od_iris": "Normal",
      "biomicroscopy_od_lens": "Transparente",
      "biomicroscopy_od_pupil": "Redonda, reactiva",
      "biomicroscopy_os_lids": "Normal",
      "biomicroscopy_os_conjunctiva": "Normal",
      "biomicroscopy_os_cornea": "Transparente",
      "biomicroscopy_os_anterior_chamber": "Formada, profunda",
      "biomicroscopy_os_iris": "Normal",
      "biomicroscopy_os_lens": "Transparente",
      "biomicroscopy_os_pupil": "No pupila ",
      "external_exam_od": "",
      "external_exam_os": "",
      "fundoscopy_od_vitreous": "Transparente",
      "fundoscopy_od_optic_disc": "Rosado, bien definido",
      "fundoscopy_od_cup_disc_ratio": "0.3",
      "fundoscopy_od_macula": "Reflejo foveolar presente",
      "fundoscopy_od_vessels": "Normales, AV 2:3",
      "fundoscopy_od_periphery": "",
      "fundoscopy_od_retina": "Aplicada, sin lesiones",
      "fundoscopy_os_vitreous": "N/A",
      "fundoscopy_os_optic_disc": "N/A",
      "fundoscopy_os_cup_disc_ratio": "N/A",
      "fundoscopy_os_macula": "N/A",
      "fundoscopy_os_vessels": "N/A",
      "fundoscopy_os_periphery": "",
      "fundoscopy_os_retina": "N/A",
      "motility_od": "",
      "motility_os": "",
      "cover_test": "",
      "convergence": "",
      "color_vision_od": "",
      "color_vision_os": "",
      "color_vision_test": "",
      "complementary_exams": "",
      "diagnosis": "",
      "differential_diagnosis": "",
      "dx_myopia": false,
      "dx_hyperopia": false,
      "dx_astigmatism": true,
      "dx_presbyopia": false,
      "dx_amblyopia": false,
      "dx_strabismus": false,
      "dx_cataracts": false,
      "dx_glaucoma": false,
      "dx_dry_eye": false,
      "dx_conjunctivitis": false,
      "dx_keratoconus": false,
      "prognosis": "",
      "disposition": "",
      "treatment_plan": "",
      "pharmaceutical_prescription": "",
      "topical_medication_protocol": "",
      "adjuvant_therapies": "",
      "prescription_glasses": false,
      "prescription_contact_lenses": false,
      "prescription_medication": false,
      "medication_details": "",
      "optical_prescription_notes": "",
      "lens_type": "",
      "lens_material": "",
      "lens_coating": "",
      "lens_brand": "",
      "frame_type": "",
      "contact_lens_type": "",
      "contact_lens_brand": "",
      "contact_lens_material": "",
      "contact_lens_wearing": "",
      "therapy": "",
      "visual_therapy": "",
      "complementary_exam": "",
      "lab_test": "",
      "recommendation": "",
      "follow_up_reason": "",
      "referral_specialty": "",
      "recommendations_text": "",
      "additional_notes": "",
      "diagnosis_text": "",
      "evolution_notes": "",
      "follow_up_date": null,
      "follow_up_notes": "",
      "referral_to": "",
      "referral_reason": "",
      "counter_referral": "",
      "clinical_summary": "",
      "observations": "",
      "recommendations": "",
      "surgical_consent": false,
      "surgical_consent_date": null,
      "cycloplegia_consent": false,
      "cycloplegia_consent_date": null,
      "lab_orders": "",
      "specialized_exam_orders": "",
      "medical_certificate": "",
      "remission_document": "",
      "created_at": "2025-12-17T20:09:05.977Z",
      "updated_at": "2025-12-17T20:17:50.318Z"
    }
  },
  {
    "model": "patients.clinicalhistory",
    "pk": 11,
    "fields": {
      "organization": 2,
      "patient": 31,
      "date": "2025-12-17",
      "last_eye_checkup": "",
      "doctor": 1,
      "chief_complaint": "Cambio formula de las gafas ",
      "current_illness": "Paciente usuario de lentes de contacto y gafas asiste para renovar formula ",
      "current_clinical_condition": "",
      "pathological_history": "N/A",
      "pharmacological_history": "N/A",
      "surgical_history": "N/A",
      "allergic_history": "N/A",
      "trauma_history": "N/A",
      "other_general_history": "N/A",
      "medical_history": "",
      "ocular_pathological_history": "N/A",
      "ocular_pharmacological_history": "N/A",
      "ocular_surgical_history": "N/A",
      "ocular_trauma_history": "N/A",
      "lensometry_lens_type": null,
      "lensometry_notes": "",
      "current_rx_od_sphere": "N",
      "current_rx_od_cylinder": null,
      "current_rx_od_axis": null,
      "current_rx_od_add": null,
      "current_rx_os_sphere": "N",
      "current_rx_os_cylinder": null,
      "current_rx_os_axis": null,
      "current_rx_os_add": null,
      "ocular_therapeutic_history": "Usa gafas hace 5 a\u00f1os",
      "blurred_vision": false,
      "eye_pain": false,
      "headaches": false,
      "photophobia": false,
      "diplopia": false,
      "tearing": false,
      "redness": false,
      "itching": false,
      "floaters": false,
      "halos": false,
      "symptoms_notes": "",
      "previous_eye_surgery": false,
      "surgery_details": "",
      "previous_glasses": true,
      "glasses_since": "",
      "previous_contact_lenses": true,
      "family_diabetes": false,
      "family_hypertension": false,
      "family_heart_disease": false,
      "family_cancer": false,
      "family_general_notes": "",
      "family_glaucoma": false,
      "family_cataracts": false,
      "family_macular_degeneration": false,
      "family_retinal_detachment": false,
      "family_myopia": false,
      "family_strabismus": false,
      "family_ocular_notes": "",
      "family_history_notes": "",
      "occupation_visual_demand": "",
      "screen_hours_daily": null,
      "reading_hours_daily": null,
      "distance_chart": "Snellen pies",
      "near_chart": "Jaeger",
      "va_od_sc_distance": "20/40",
      "va_od_sc_near": "0.50 M",
      "va_od_cc_distance": "20/20",
      "va_od_cc_near": "0.50 M",
      "va_os_sc_distance": "20/40",
      "va_os_sc_near": "0.50 M",
      "va_os_cc_distance": "20/20",
      "va_os_cc_near": "0.50 M",
      "va_ou_distance": "",
      "va_ou_near": "",
      "refraction_od_sphere": "0.25",
      "refraction_od_cylinder": "-3.00",
      "refraction_od_axis": 180,
      "refraction_od_add": null,
      "refraction_od_prism": "",
      "refraction_os_sphere": "0.25",
      "refraction_os_cylinder": "-3.00",
      "refraction_os_axis": 180,
      "refraction_os_add": null,
      "refraction_os_prism": "",
      "refraction_od_dnp": null,
      "refraction_os_dnp": null,
      "pd_distance": "57.0",
      "pd_near": null,
      "pd_od": null,
      "pd_os": null,
      "keratometry_od_k1": "41.75",
      "keratometry_od_k1_axis": 130,
      "keratometry_od_k2": "45.75",
      "keratometry_od_k2_axis": null,
      "keratometry_os_k1": "40.75",
      "keratometry_os_k1_axis": 5,
      "keratometry_os_k2": "44.25",
      "keratometry_os_k2_axis": null,
      "iop_od": null,
      "iop_os": null,
      "iop_method": "",
      "biomicroscopy_od_lids": "Normal",
      "biomicroscopy_od_conjunctiva": "Normal",
      "biomicroscopy_od_cornea": "Transparente",
      "biomicroscopy_od_anterior_chamber": "Formada, profunda",
      "biomicroscopy_od_iris": "Normal",
      "biomicroscopy_od_lens": "Transparente",
      "biomicroscopy_od_pupil": "Redonda, reactiva",
      "biomicroscopy_os_lids": "Normal",
      "biomicroscopy_os_conjunctiva": "Normal",
      "biomicroscopy_os_cornea": "Transparente",
      "biomicroscopy_os_anterior_chamber": "Formada, profunda",
      "biomicroscopy_os_iris": "Normal",
      "biomicroscopy_os_lens": "Transparente",
      "biomicroscopy_os_pupil": "Redonda, reactiva",
      "external_exam_od": "",
      "external_exam_os": "",
      "fundoscopy_od_vitreous": "Transparente",
      "fundoscopy_od_optic_disc": "Rosado, bien definido",
      "fundoscopy_od_cup_disc_ratio": "0.3",
      "fundoscopy_od_macula": "Reflejo foveolar presente",
      "fundoscopy_od_vessels": "Normales, AV 2:3",
      "fundoscopy_od_periphery": "",
      "fundoscopy_od_retina": "Aplicada, sin lesiones",
      "fundoscopy_os_vitreous": "Transparente",
      "fundoscopy_os_optic_disc": "Rosado, bien definido",
      "fundoscopy_os_cup_disc_ratio": "0.3",
      "fundoscopy_os_macula": "Reflejo foveolar presente",
      "fundoscopy_os_vessels": "Normales, AV 2:3",
      "fundoscopy_os_periphery": "",
      "fundoscopy_os_retina": "Aplicada, sin lesiones",
      "motility_od": "",
      "motility_os": "",
      "cover_test": "",
      "convergence": "",
      "color_vision_od": "",
      "color_vision_os": "",
      "color_vision_test": "",
      "complementary_exams": "",
      "diagnosis": "Astigmatismo hipermetropico WR AO",
      "differential_diagnosis": "",
      "dx_myopia": false,
      "dx_hyperopia": true,
      "dx_astigmatism": true,
      "dx_presbyopia": false,
      "dx_amblyopia": false,
      "dx_strabismus": false,
      "dx_cataracts": false,
      "dx_glaucoma": false,
      "dx_dry_eye": false,
      "dx_conjunctivitis": false,
      "dx_keratoconus": false,
      "prognosis": "",
      "disposition": "",
      "treatment_plan": "Uso de RX actual y control en un a\u00f1o",
      "pharmaceutical_prescription": "",
      "topical_medication_protocol": "",
      "adjuvant_therapies": "",
      "prescription_glasses": true,
      "prescription_contact_lenses": false,
      "prescription_medication": false,
      "medication_details": "",
      "optical_prescription_notes": "",
      "lens_type": "Monofocales",
      "lens_material": "Policarbonato",
      "lens_coating": "Antireflejo",
      "lens_brand": "",
      "frame_type": "",
      "contact_lens_type": "",
      "contact_lens_brand": "",
      "contact_lens_material": "",
      "contact_lens_wearing": "",
      "therapy": "",
      "visual_therapy": "",
      "complementary_exam": "",
      "lab_test": "",
      "recommendation": "",
      "follow_up_reason": "",
      "referral_specialty": "",
      "recommendations_text": "",
      "additional_notes": "",
      "diagnosis_text": "",
      "evolution_notes": "",
      "follow_up_date": null,
      "follow_up_notes": "",
      "referral_to": "",
      "referral_reason": "",
      "counter_referral": "",
      "clinical_summary": "",
      "observations": "",
      "recommendations": "",
      "surgical_consent": false,
      "surgical_consent_date": null,
      "cycloplegia_consent": false,
      "cycloplegia_consent_date": null,
      "lab_orders": "",
      "specialized_exam_orders": "",
      "medical_certificate": "",
      "remission_document": "",
      "created_at": "2025-12-17T20:51:00.870Z",
      "updated_at": "2025-12-17T20:51:55.442Z"
    }
  },
  {
    "model": "patients.clinicalhistory",
    "pk": 12,
    "fields": {
      "organization": 2,
      "patient": 32,
      "date": "2025-12-18",
      "last_eye_checkup": "1 a\u00f1o",
      "doctor": 2,
      "chief_complaint": "Cambio de lentes",
      "current_illness": "",
      "current_clinical_condition": "",
      "pathological_history": "N/A",
      "pharmacological_history": "N/A",
      "surgical_history": "N/A",
      "allergic_history": "N/A",
      "trauma_history": "N/A",
      "other_general_history": "N/A",
      "medical_history": "",
      "ocular_pathological_history": "N/A",
      "ocular_pharmacological_history": "N/A",
      "ocular_surgical_history": "N/A",
      "ocular_trauma_history": "N/A",
      "lensometry_lens_type": 48,
      "lensometry_notes": "N/A",
      "current_rx_od_sphere": "4.00",
      "current_rx_od_cylinder": "-3.50",
      "current_rx_od_axis": 170,
      "current_rx_od_add": "2.50",
      "current_rx_os_sphere": "-2.00",
      "current_rx_os_cylinder": "-2.50",
      "current_rx_os_axis": 170,
      "current_rx_os_add": "2.50",
      "ocular_therapeutic_history": "",
      "blurred_vision": false,
      "eye_pain": false,
      "headaches": false,
      "photophobia": false,
      "diplopia": false,
      "tearing": false,
      "redness": false,
      "itching": false,
      "floaters": false,
      "halos": false,
      "symptoms_notes": "",
      "previous_eye_surgery": false,
      "surgery_details": "",
      "previous_glasses": true,
      "glasses_since": "",
      "previous_contact_lenses": false,
      "family_diabetes": true,
      "family_hypertension": false,
      "family_heart_disease": false,
      "family_cancer": false,
      "family_general_notes": "N/A",
      "family_glaucoma": false,
      "family_cataracts": false,
      "family_macular_degeneration": false,
      "family_retinal_detachment": false,
      "family_myopia": false,
      "family_strabismus": false,
      "family_ocular_notes": "N/A",
      "family_history_notes": "",
      "occupation_visual_demand": "",
      "screen_hours_daily": null,
      "reading_hours_daily": null,
      "distance_chart": "Snellen pies",
      "near_chart": "Jaeger",
      "va_od_sc_distance": "20/100",
      "va_od_sc_near": "2M",
      "va_od_cc_distance": "20/25",
      "va_od_cc_near": "0.50M",
      "va_os_sc_distance": "20/30",
      "va_os_sc_near": "2M",
      "va_os_cc_distance": "20/25",
      "va_os_cc_near": "0.50M",
      "va_ou_distance": "",
      "va_ou_near": "",
      "refraction_od_sphere": "+2.00",
      "refraction_od_cylinder": "-3.50",
      "refraction_od_axis": 170,
      "refraction_od_add": "250.00",
      "refraction_od_prism": "",
      "refraction_os_sphere": "N",
      "refraction_os_cylinder": "-3.50",
      "refraction_os_axis": 170,
      "refraction_os_add": "250.00",
      "refraction_os_prism": "",
      "refraction_od_dnp": "31.0",
      "refraction_os_dnp": "32.0",
      "pd_distance": "63.0",
      "pd_near": null,
      "pd_od": null,
      "pd_os": null,
      "keratometry_od_k1": "41.00",
      "keratometry_od_k1_axis": 170,
      "keratometry_od_k2": "42.00",
      "keratometry_od_k2_axis": null,
      "keratometry_os_k1": "41.00",
      "keratometry_os_k1_axis": 180,
      "keratometry_os_k2": "42.00",
      "keratometry_os_k2_axis": null,
      "iop_od": null,
      "iop_os": null,
      "iop_method": "",
      "biomicroscopy_od_lids": "Normal",
      "biomicroscopy_od_conjunctiva": "Normal",
      "biomicroscopy_od_cornea": "Transparente",
      "biomicroscopy_od_anterior_chamber": "Formada, profunda",
      "biomicroscopy_od_iris": "Normal",
      "biomicroscopy_od_lens": "Transparente",
      "biomicroscopy_od_pupil": "Redonda, reactiva",
      "biomicroscopy_os_lids": "Normal",
      "biomicroscopy_os_conjunctiva": "Normal",
      "biomicroscopy_os_cornea": "Transparente",
      "biomicroscopy_os_anterior_chamber": "Formada, profunda",
      "biomicroscopy_os_iris": "Normal",
      "biomicroscopy_os_lens": "Transparente",
      "biomicroscopy_os_pupil": "Redonda, reactiva",
      "external_exam_od": "",
      "external_exam_os": "",
      "fundoscopy_od_vitreous": "Transparente",
      "fundoscopy_od_optic_disc": "Rosado, bien definido",
      "fundoscopy_od_cup_disc_ratio": "0.3",
      "fundoscopy_od_macula": "Reflejo foveolar presente",
      "fundoscopy_od_vessels": "Normales, AV 2:3",
      "fundoscopy_od_periphery": "",
      "fundoscopy_od_retina": "Aplicada, sin lesiones",
      "fundoscopy_os_vitreous": "Transparente",
      "fundoscopy_os_optic_disc": "Rosado, bien definido",
      "fundoscopy_os_cup_disc_ratio": "0.3",
      "fundoscopy_os_macula": "Reflejo foveolar presente",
      "fundoscopy_os_vessels": "Normales, AV 2:3",
      "fundoscopy_os_periphery": "",
      "fundoscopy_os_retina": "Aplicada, sin lesiones",
      "motility_od": "",
      "motility_os": "",
      "cover_test": "",
      "convergence": "",
      "color_vision_od": "",
      "color_vision_os": "",
      "color_vision_test": "",
      "complementary_exams": "",
      "diagnosis": "",
      "differential_diagnosis": "",
      "dx_myopia": true,
      "dx_hyperopia": false,
      "dx_astigmatism": true,
      "dx_presbyopia": true,
      "dx_amblyopia": false,
      "dx_strabismus": false,
      "dx_cataracts": false,
      "dx_glaucoma": false,
      "dx_dry_eye": false,
      "dx_conjunctivitis": false,
      "dx_keratoconus": false,
      "prognosis": "",
      "disposition": "",
      "treatment_plan": "Uso permanente",
      "pharmaceutical_prescription": "",
      "topical_medication_protocol": "",
      "adjuvant_therapies": "",
      "prescription_glasses": true,
      "prescription_contact_lenses": false,
      "prescription_medication": false,
      "medication_details": "",
      "optical_prescription_notes": "",
      "lens_type": "Progresivos",
      "lens_material": "Policarbonato",
      "lens_coating": "Antireflejo",
      "lens_brand": "",
      "frame_type": "",
      "contact_lens_type": "",
      "contact_lens_brand": "",
      "contact_lens_material": "",
      "contact_lens_wearing": "",
      "therapy": "",
      "visual_therapy": "",
      "complementary_exam": "",
      "lab_test": "",
      "recommendation": "",
      "follow_up_reason": "",
      "referral_specialty": "",
      "recommendations_text": "",
      "additional_notes": "",
      "diagnosis_text": "",
      "evolution_notes": "",
      "follow_up_date": null,
      "follow_up_notes": "",
      "referral_to": "",
      "referral_reason": "",
      "counter_referral": "",
      "clinical_summary": "",
      "observations": "",
      "recommendations": "",
      "surgical_consent": false,
      "surgical_consent_date": null,
      "cycloplegia_consent": false,
      "cycloplegia_consent_date": null,
      "lab_orders": "",
      "specialized_exam_orders": "",
      "medical_certificate": "",
      "remission_document": "",
      "created_at": "2025-12-18T19:34:43.829Z",
      "updated_at": "2025-12-18T19:34:43.829Z"
    }
  },
  {
    "model": "organizations.organization",
    "pk": 2,
    "fields": {
      "name": "Oceano Optico SJ",
      "slug": "oceano-optico-sj",
      "legal_name": "Oceano Optico ",
      "tax_id_type": "NIT",
      "tax_id": "8161329",
      "legal_representative": "Julio cesar zapata O",
      "email": "oceanoptics4@gmail.com",
      "phone": "3126809496",
      "secondary_phone": "3105462134",
      "address": "CL 44 98 47",
      "neighborhood": "SAN JAVIER ",
      "city": "MEDELLIN",
      "state": "ANTIOQUIA",
      "country": "Colombia",
      "postal_code": "005001",
      "website": "",
      "logo": "",
      "primary_color": "#007bff",
      "is_active": true,
      "created_at": "2025-12-02T22:06:48.444Z",
      "updated_at": "2025-12-02T22:06:48.444Z",
      "owner": [
        "OceanoSJ"
      ]
    }
  },
  {
    "model": "organizations.organization",
    "pk": 4,
    "fields": {
      "name": "CompuEasys",
      "slug": "compueasys",
      "legal_name": "Daniel Andres Osorio Velasquez",
      "tax_id_type": "RUT",
      "tax_id": "71360801",
      "legal_representative": "Daniel Osorio",
      "email": "compueasys@gmail.com",
      "phone": "+573007915262",
      "secondary_phone": "",
      "address": "Calle 47A \u00b7 100-34\r\nlocal",
      "neighborhood": "San Javier",
      "city": "Medellin",
      "state": "Antioquia",
      "country": "Colombia",
      "postal_code": "050001",
      "website": "https://compueasys.onrender.com",
      "logo": "",
      "primary_color": "#007bff",
      "is_active": true,
      "created_at": "2025-12-15T17:14:41.855Z",
      "updated_at": "2025-12-15T17:14:41.855Z",
      "owner": [
        "danioso8"
      ]
    }
  },
  {
    "model": "organizations.organization",
    "pk": 22,
    "fields": {
      "name": "CompuTemu",
      "slug": "computemu",
      "legal_name": "Daniel Andres Osorio Velasquez",
      "tax_id_type": "RUT",
      "tax_id": "71360801",
      "legal_representative": "Daniel Osorio",
      "email": "danioso8@hotmail.com",
      "phone": "+573007915262",
      "secondary_phone": "",
      "address": "Calle 47A \u00b7 100-34\r\nlocal",
      "neighborhood": "San Javier",
      "city": "Medellin",
      "state": "Antioquia",
      "country": "Colombia",
      "postal_code": "050001",
      "website": "https://compueasys.onrender.com/store",
      "logo": "",
      "primary_color": "#007bff",
      "is_active": true,
      "created_at": "2025-12-16T17:12:01.448Z",
      "updated_at": "2025-12-16T17:12:01.448Z",
      "owner": [
        "danioso83"
      ]
    }
  },
  {
    "model": "users.userprofile",
    "pk": 1,
    "fields": {
      "user": [
        "OceanoSJ"
      ],
      "is_email_verified": true,
      "email_verified_at": "2025-12-11T17:06:07.213Z",
      "created_at": "2025-12-11T16:12:53.790Z",
      "updated_at": "2025-12-11T17:06:07.213Z"
    }
  },
  {
    "model": "users.userprofile",
    "pk": 2,
    "fields": {
      "user": [
        "danioso8"
      ],
      "is_email_verified": true,
      "email_verified_at": "2025-12-11T17:10:02.722Z",
      "created_at": "2025-12-11T16:40:39.538Z",
      "updated_at": "2025-12-11T17:10:02.722Z"
    }
  },
  {
    "model": "users.userprofile",
    "pk": 4,
    "fields": {
      "user": [
        "danioso83"
      ],
      "is_email_verified": true,
      "email_verified_at": "2025-12-15T17:58:45.616Z",
      "created_at": "2025-12-15T17:58:13.987Z",
      "updated_at": "2025-12-15T17:58:45.616Z"
    }
  },
  {
    "model": "appointments.appointment",
    "pk": 1,
    "fields": {
      "organization": 4,
      "full_name": "Daniel Osorio",
      "phone_number": "3007915262",
      "email": null,
      "appointment_date": "2025-11-30",
      "appointment_time": "15:00:00",
      "status": "no_show",
      "notes": "",
      "created_at": "2025-11-29T22:55:26.415Z",
      "updated_at": "2025-12-15T22:36:25.135Z",
      "patient": null,
      "doctor": null,
      "attended_by": [
        "admin"
      ],
      "has_companion": false,
      "companion_name": "",
      "companion_relationship": "",
      "companion_phone": ""
    }
  },
  {
    "model": "appointments.appointment",
    "pk": 2,
    "fields": {
      "organization": 4,
      "full_name": "Sara araque",
      "phone_number": "3137468003",
      "email": null,
      "appointment_date": "2025-11-30",
      "appointment_time": "17:00:00",
      "status": "pending",
      "notes": "",
      "created_at": "2025-11-29T23:19:38.463Z",
      "updated_at": "2025-12-15T22:36:24.965Z",
      "patient": null,
      "doctor": null,
      "attended_by": null,
      "has_companion": false,
      "companion_name": "",
      "companion_relationship": "",
      "companion_phone": ""
    }
  },
  {
    "model": "appointments.appointment",
    "pk": 3,
    "fields": {
      "organization": 4,
      "full_name": "Daniel Osorio",
      "phone_number": "3007915262",
      "email": null,
      "appointment_date": "2025-12-01",
      "appointment_time": "15:30:00",
      "status": "pending",
      "notes": "",
      "created_at": "2025-11-30T03:59:34.502Z",
      "updated_at": "2025-12-15T22:36:24.809Z",
      "patient": null,
      "doctor": null,
      "attended_by": null,
      "has_companion": false,
      "companion_name": "",
      "companion_relationship": "",
      "companion_phone": ""
    }
  },
  {
    "model": "appointments.appointment",
    "pk": 5,
    "fields": {
      "organization": 2,
      "full_name": "sara araque",
      "phone_number": "3137468003",
      "email": null,
      "appointment_date": "2025-12-03",
      "appointment_time": "15:00:00",
      "status": "cancelled",
      "notes": "",
      "created_at": "2025-12-02T22:16:34.421Z",
      "updated_at": "2025-12-03T19:08:48.093Z",
      "patient": null,
      "doctor": null,
      "attended_by": null,
      "has_companion": false,
      "companion_name": "",
      "companion_relationship": "",
      "companion_phone": ""
    }
  },
  {
    "model": "appointments.appointment",
    "pk": 6,
    "fields": {
      "organization": 2,
      "full_name": "sara araque",
      "phone_number": "3137468003",
      "email": null,
      "appointment_date": "2025-12-03",
      "appointment_time": "17:30:00",
      "status": "cancelled",
      "notes": "",
      "created_at": "2025-12-02T22:17:15.002Z",
      "updated_at": "2025-12-03T19:08:51.431Z",
      "patient": null,
      "doctor": null,
      "attended_by": null,
      "has_companion": false,
      "companion_name": "",
      "companion_relationship": "",
      "companion_phone": ""
    }
  },
  {
    "model": "appointments.appointment",
    "pk": 7,
    "fields": {
      "organization": 2,
      "full_name": "julio",
      "phone_number": "3000000000",
      "email": null,
      "appointment_date": "2025-12-03",
      "appointment_time": "16:00:00",
      "status": "cancelled",
      "notes": "",
      "created_at": "2025-12-02T23:29:40.339Z",
      "updated_at": "2025-12-03T19:08:42.446Z",
      "patient": 2,
      "doctor": null,
      "attended_by": null,
      "has_companion": false,
      "companion_name": "",
      "companion_relationship": "",
      "companion_phone": ""
    }
  },
  {
    "model": "appointments.appointment",
    "pk": 15,
    "fields": {
      "organization": 2,
      "full_name": "Daniel Andres Osorio Velasquez",
      "phone_number": "3007915262",
      "email": null,
      "appointment_date": "2025-12-03",
      "appointment_time": "15:30:00",
      "status": "cancelled",
      "notes": "",
      "created_at": "2025-12-03T20:15:48.559Z",
      "updated_at": "2025-12-12T21:32:20.033Z",
      "patient": null,
      "doctor": null,
      "attended_by": null,
      "has_companion": false,
      "companion_name": "",
      "companion_relationship": "",
      "companion_phone": ""
    }
  },
  {
    "model": "appointments.appointment",
    "pk": 16,
    "fields": {
      "organization": 2,
      "full_name": "Adrian Ruiz",
      "phone_number": "3044086020",
      "email": "",
      "appointment_date": "2025-12-06",
      "appointment_time": "12:00:00",
      "status": "completed",
      "notes": "",
      "created_at": "2025-12-05T22:14:41.026Z",
      "updated_at": "2025-12-06T19:15:21.249Z",
      "patient": 8,
      "doctor": null,
      "attended_by": [
        "OceanoSJ"
      ],
      "has_companion": false,
      "companion_name": "",
      "companion_relationship": "",
      "companion_phone": ""
    }
  },
  {
    "model": "appointments.appointment",
    "pk": 17,
    "fields": {
      "organization": 2,
      "full_name": "Claudia patricia isaza ",
      "phone_number": "3122635308",
      "email": "",
      "appointment_date": "2025-12-06",
      "appointment_time": "12:40:00",
      "status": "completed",
      "notes": "",
      "created_at": "2025-12-05T23:09:49.786Z",
      "updated_at": "2025-12-06T19:15:27.664Z",
      "patient": 9,
      "doctor": null,
      "attended_by": [
        "OceanoSJ"
      ],
      "has_companion": false,
      "companion_name": "",
      "companion_relationship": "",
      "companion_phone": ""
    }
  },
  {
    "model": "appointments.appointment",
    "pk": 18,
    "fields": {
      "organization": 2,
      "full_name": "Flor Alba Osorio ",
      "phone_number": "3023678507",
      "email": "",
      "appointment_date": "2025-12-06",
      "appointment_time": "13:00:00",
      "status": "completed",
      "notes": "",
      "created_at": "2025-12-05T23:10:19.340Z",
      "updated_at": "2025-12-06T19:15:31.356Z",
      "patient": 10,
      "doctor": null,
      "attended_by": [
        "OceanoSJ"
      ],
      "has_companion": false,
      "companion_name": "",
      "companion_relationship": "",
      "companion_phone": ""
    }
  },
  {
    "model": "appointments.appointment",
    "pk": 19,
    "fields": {
      "organization": 2,
      "full_name": "Juan Manuel Velez",
      "phone_number": "31287017876",
      "email": "",
      "appointment_date": "2025-12-06",
      "appointment_time": "13:20:00",
      "status": "completed",
      "notes": "",
      "created_at": "2025-12-05T23:16:43.591Z",
      "updated_at": "2025-12-06T19:15:36.352Z",
      "patient": 11,
      "doctor": null,
      "attended_by": [
        "OceanoSJ"
      ],
      "has_companion": false,
      "companion_name": "",
      "companion_relationship": "",
      "companion_phone": ""
    }
  },
  {
    "model": "appointments.appointment",
    "pk": 20,
    "fields": {
      "organization": 2,
      "full_name": "Flor Carolina Gonzalez",
      "phone_number": "3246617236",
      "email": "",
      "appointment_date": "2025-12-06",
      "appointment_time": "13:40:00",
      "status": "completed",
      "notes": "",
      "created_at": "2025-12-05T23:17:07.804Z",
      "updated_at": "2025-12-06T19:15:40.413Z",
      "patient": 12,
      "doctor": null,
      "attended_by": [
        "OceanoSJ"
      ],
      "has_companion": false,
      "companion_name": "",
      "companion_relationship": "",
      "companion_phone": ""
    }
  },
  {
    "model": "appointments.appointment",
    "pk": 21,
    "fields": {
      "organization": 2,
      "full_name": "Liliana Velasquez Valle",
      "phone_number": "3151545061",
      "email": "",
      "appointment_date": "2025-12-06",
      "appointment_time": "14:20:00",
      "status": "completed",
      "notes": "",
      "created_at": "2025-12-05T23:17:40.117Z",
      "updated_at": "2025-12-12T21:32:41.417Z",
      "patient": 13,
      "doctor": null,
      "attended_by": null,
      "has_companion": false,
      "companion_name": "",
      "companion_relationship": "",
      "companion_phone": ""
    }
  },
  {
    "model": "appointments.appointment",
    "pk": 22,
    "fields": {
      "organization": 2,
      "full_name": "Catalina Garces Cata\u00f1o",
      "phone_number": "3105190096",
      "email": "",
      "appointment_date": "2025-12-06",
      "appointment_time": "14:40:00",
      "status": "completed",
      "notes": "",
      "created_at": "2025-12-05T23:18:23.991Z",
      "updated_at": "2025-12-06T19:15:50.419Z",
      "patient": 14,
      "doctor": null,
      "attended_by": [
        "OceanoSJ"
      ],
      "has_companion": false,
      "companion_name": "",
      "companion_relationship": "",
      "companion_phone": ""
    }
  },
  {
    "model": "appointments.appointment",
    "pk": 23,
    "fields": {
      "organization": 2,
      "full_name": "Jennifer Lopez Cano ",
      "phone_number": "3245618889",
      "email": "",
      "appointment_date": "2025-12-06",
      "appointment_time": "15:20:00",
      "status": "completed",
      "notes": "",
      "created_at": "2025-12-05T23:19:56.042Z",
      "updated_at": "2025-12-12T21:31:55.139Z",
      "patient": 15,
      "doctor": null,
      "attended_by": null,
      "has_companion": false,
      "companion_name": "",
      "companion_relationship": "",
      "companion_phone": ""
    }
  },
  {
    "model": "appointments.appointment",
    "pk": 24,
    "fields": {
      "organization": 2,
      "full_name": "Hugo londo\u00f1o Jaramillo",
      "phone_number": "3233699417",
      "email": "",
      "appointment_date": "2025-12-10",
      "appointment_time": "14:30:00",
      "status": "completed",
      "notes": "",
      "created_at": "2025-12-10T17:58:56.540Z",
      "updated_at": "2025-12-10T23:13:37.279Z",
      "patient": 16,
      "doctor": null,
      "attended_by": [
        "OceanoSJ"
      ],
      "has_companion": false,
      "companion_name": "",
      "companion_relationship": "",
      "companion_phone": ""
    }
  },
  {
    "model": "appointments.appointment",
    "pk": 25,
    "fields": {
      "organization": 2,
      "full_name": "Ana paula Clemente ",
      "phone_number": "3249551993",
      "email": "",
      "appointment_date": "2025-12-10",
      "appointment_time": "15:00:00",
      "status": "completed",
      "notes": "",
      "created_at": "2025-12-10T18:03:50.321Z",
      "updated_at": "2025-12-10T23:13:40.718Z",
      "patient": 17,
      "doctor": null,
      "attended_by": [
        "OceanoSJ"
      ],
      "has_companion": false,
      "companion_name": "",
      "companion_relationship": "",
      "companion_phone": ""
    }
  },
  {
    "model": "appointments.appointment",
    "pk": 26,
    "fields": {
      "organization": 2,
      "full_name": "Jhon Fredy Bermudez",
      "phone_number": "000000000",
      "email": "",
      "appointment_date": "2025-12-10",
      "appointment_time": "17:30:00",
      "status": "completed",
      "notes": "",
      "created_at": "2025-12-10T18:04:30.581Z",
      "updated_at": "2025-12-10T23:13:53.775Z",
      "patient": 18,
      "doctor": null,
      "attended_by": [
        "OceanoSJ"
      ],
      "has_companion": false,
      "companion_name": "",
      "companion_relationship": "",
      "companion_phone": ""
    }
  },
  {
    "model": "appointments.appointment",
    "pk": 27,
    "fields": {
      "organization": 2,
      "full_name": "Hernan Andres Ramos",
      "phone_number": "3014044523",
      "email": "",
      "appointment_date": "2025-12-10",
      "appointment_time": "18:00:00",
      "status": "completed",
      "notes": "",
      "created_at": "2025-12-10T18:05:01.414Z",
      "updated_at": "2025-12-10T23:13:59.231Z",
      "patient": 19,
      "doctor": null,
      "attended_by": [
        "OceanoSJ"
      ],
      "has_companion": false,
      "companion_name": "",
      "companion_relationship": "",
      "companion_phone": ""
    }
  },
  {
    "model": "appointments.appointment",
    "pk": 28,
    "fields": {
      "organization": 2,
      "full_name": "Maximiliano  Borja",
      "phone_number": "3008340947",
      "email": "",
      "appointment_date": "2025-12-13",
      "appointment_time": "13:00:00",
      "status": "pending",
      "notes": "",
      "created_at": "2025-12-11T22:17:36.547Z",
      "updated_at": "2025-12-12T21:36:42.486Z",
      "patient": 20,
      "doctor": null,
      "attended_by": null,
      "has_companion": false,
      "companion_name": "",
      "companion_relationship": "",
      "companion_phone": ""
    }
  },
  {
    "model": "appointments.appointment",
    "pk": 29,
    "fields": {
      "organization": 2,
      "full_name": "Daniel Andres Osorio Velasquez",
      "phone_number": "3007915262",
      "email": null,
      "appointment_date": "2025-12-20",
      "appointment_time": "14:40:00",
      "status": "cancelled",
      "notes": "",
      "created_at": "2025-12-12T00:56:43.459Z",
      "updated_at": "2025-12-12T01:15:20.843Z",
      "patient": null,
      "doctor": null,
      "attended_by": null,
      "has_companion": false,
      "companion_name": "",
      "companion_relationship": "",
      "companion_phone": ""
    }
  },
  {
    "model": "appointments.appointment",
    "pk": 30,
    "fields": {
      "organization": 2,
      "full_name": "Daniel Andres Osorio Velasquez",
      "phone_number": "3007915262",
      "email": null,
      "appointment_date": "2025-12-20",
      "appointment_time": "14:20:00",
      "status": "cancelled",
      "notes": "",
      "created_at": "2025-12-12T01:03:53.806Z",
      "updated_at": "2025-12-12T01:15:36.523Z",
      "patient": null,
      "doctor": null,
      "attended_by": null,
      "has_companion": false,
      "companion_name": "",
      "companion_relationship": "",
      "companion_phone": ""
    }
  },
  {
    "model": "appointments.appointment",
    "pk": 35,
    "fields": {
      "organization": 2,
      "full_name": "Daniel Andres Osorio Velasquez",
      "phone_number": "3007915262",
      "email": null,
      "appointment_date": "2025-12-20",
      "appointment_time": "14:40:00",
      "status": "cancelled",
      "notes": "",
      "created_at": "2025-12-12T16:12:44.617Z",
      "updated_at": "2025-12-12T21:31:33.415Z",
      "patient": null,
      "doctor": null,
      "attended_by": null,
      "has_companion": false,
      "companion_name": "",
      "companion_relationship": "",
      "companion_phone": ""
    }
  },
  {
    "model": "appointments.appointment",
    "pk": 36,
    "fields": {
      "organization": 2,
      "full_name": "Eunice Mu\u00f1oz",
      "phone_number": "3216752845",
      "email": "",
      "appointment_date": "2025-12-13",
      "appointment_time": "10:40:00",
      "status": "pending",
      "notes": "",
      "created_at": "2025-12-12T22:40:41.154Z",
      "updated_at": "2025-12-12T22:40:41.154Z",
      "patient": 21,
      "doctor": null,
      "attended_by": null,
      "has_companion": false,
      "companion_name": "",
      "companion_relationship": "",
      "companion_phone": ""
    }
  },
  {
    "model": "appointments.appointment",
    "pk": 37,
    "fields": {
      "organization": 2,
      "full_name": "Valery Salinas",
      "phone_number": "3133657813",
      "email": "",
      "appointment_date": "2025-12-13",
      "appointment_time": "11:00:00",
      "status": "pending",
      "notes": "",
      "created_at": "2025-12-12T22:47:32.248Z",
      "updated_at": "2025-12-12T22:47:32.248Z",
      "patient": 22,
      "doctor": null,
      "attended_by": null,
      "has_companion": false,
      "companion_name": "",
      "companion_relationship": "",
      "companion_phone": ""
    }
  },
  {
    "model": "appointments.appointment",
    "pk": 38,
    "fields": {
      "organization": 2,
      "full_name": "Katerin Salinas",
      "phone_number": "3133657813",
      "email": "",
      "appointment_date": "2025-12-13",
      "appointment_time": "11:20:00",
      "status": "pending",
      "notes": "",
      "created_at": "2025-12-12T22:48:43.891Z",
      "updated_at": "2025-12-12T22:48:43.891Z",
      "patient": 23,
      "doctor": null,
      "attended_by": null,
      "has_companion": false,
      "companion_name": "",
      "companion_relationship": "",
      "companion_phone": ""
    }
  },
  {
    "model": "appointments.appointment",
    "pk": 39,
    "fields": {
      "organization": 2,
      "full_name": "Laura castellanos",
      "phone_number": "3246890170",
      "email": "",
      "appointment_date": "2025-12-13",
      "appointment_time": "13:40:00",
      "status": "pending",
      "notes": "",
      "created_at": "2025-12-12T22:51:47.570Z",
      "updated_at": "2025-12-12T22:51:47.570Z",
      "patient": 24,
      "doctor": null,
      "attended_by": null,
      "has_companion": false,
      "companion_name": "",
      "companion_relationship": "",
      "companion_phone": ""
    }
  },
  {
    "model": "appointments.appointment",
    "pk": 40,
    "fields": {
      "organization": 2,
      "full_name": "Daniel Andres Osorio Velasquez",
      "phone_number": "3007915262",
      "email": null,
      "appointment_date": "2025-12-20",
      "appointment_time": "13:00:00",
      "status": "cancelled",
      "notes": "",
      "created_at": "2025-12-13T00:19:14.968Z",
      "updated_at": "2025-12-13T00:25:16.352Z",
      "patient": null,
      "doctor": null,
      "attended_by": null,
      "has_companion": false,
      "companion_name": "",
      "companion_relationship": "",
      "companion_phone": ""
    }
  },
  {
    "model": "appointments.appointment",
    "pk": 41,
    "fields": {
      "organization": 2,
      "full_name": "Carlos Sepulveda",
      "phone_number": "3007915262",
      "email": null,
      "appointment_date": "2025-12-20",
      "appointment_time": "13:20:00",
      "status": "cancelled",
      "notes": "",
      "created_at": "2025-12-13T00:20:25.871Z",
      "updated_at": "2025-12-13T00:24:20.869Z",
      "patient": null,
      "doctor": null,
      "attended_by": null,
      "has_companion": false,
      "companion_name": "",
      "companion_relationship": "",
      "companion_phone": ""
    }
  },
  {
    "model": "appointments.appointment",
    "pk": 42,
    "fields": {
      "organization": 2,
      "full_name": "Daniel Andres Osorio Velasquez",
      "phone_number": "3007915262",
      "email": null,
      "appointment_date": "2025-12-20",
      "appointment_time": "14:40:00",
      "status": "cancelled",
      "notes": "",
      "created_at": "2025-12-13T00:29:01.454Z",
      "updated_at": "2025-12-13T00:35:09.654Z",
      "patient": null,
      "doctor": null,
      "attended_by": null,
      "has_companion": false,
      "companion_name": "",
      "companion_relationship": "",
      "companion_phone": ""
    }
  },
  {
    "model": "appointments.appointment",
    "pk": 43,
    "fields": {
      "organization": 2,
      "full_name": "Daniel Andres Osorio Velasquez",
      "phone_number": "3007915262",
      "email": null,
      "appointment_date": "2025-12-20",
      "appointment_time": "14:20:00",
      "status": "cancelled",
      "notes": "",
      "created_at": "2025-12-13T18:22:20.781Z",
      "updated_at": "2025-12-13T18:38:30.557Z",
      "patient": null,
      "doctor": null,
      "attended_by": null,
      "has_companion": true,
      "companion_name": "Bibiana Angel",
      "companion_relationship": "Esposo/Esposa",
      "companion_phone": "3005552223"
    }
  },
  {
    "model": "appointments.appointment",
    "pk": 44,
    "fields": {
      "organization": 2,
      "full_name": "Daniel Andres Osorio Velasquez",
      "phone_number": "3007915262",
      "email": null,
      "appointment_date": "2025-12-20",
      "appointment_time": "14:20:00",
      "status": "cancelled",
      "notes": "",
      "created_at": "2025-12-13T21:28:20.814Z",
      "updated_at": "2025-12-13T21:29:55.071Z",
      "patient": null,
      "doctor": null,
      "attended_by": null,
      "has_companion": false,
      "companion_name": "",
      "companion_relationship": "",
      "companion_phone": ""
    }
  },
  {
    "model": "billing.dianconfiguration",
    "pk": 5,
    "fields": {
      "organization": 22,
      "tipo_documento": "RUT",
      "nit": "71360801",
      "dv": "5",
      "razon_social": "compueasys",
      "nombre_comercial": "",
      "direccion": "Calle 47A \u00b7 100-34",
      "ciudad_codigo": "Medellin",
      "ciudad_nombre": "",
      "departamento_codigo": "050001",
      "departamento_nombre": "",
      "pais_codigo": "CO",
      "codigo_postal": "050001",
      "telefono": "+573007915262",
      "email_facturacion": "danioso8@hotmail.com",
      "responsabilidades_fiscales": [],
      "tipo_regimen": "49",
      "resolucion_numero": "18764094555266",
      "resolucion_fecha": "2025-12-18",
      "resolucion_prefijo": "FV",
      "resolucion_numero_inicio": 150,
      "resolucion_numero_fin": 300,
      "resolucion_numero_actual": 0,
      "resolucion_clave_tecnica": "",
      "resolucion_vigencia_inicio": null,
      "resolucion_vigencia_fin": null,
      "certificado_archivo": "",
      "certificado_password": "",
      "certificado_vigencia_inicio": null,
      "certificado_vigencia_fin": null,
      "ambiente": "2",
      "dian_url_webservice": "https://vpfe-hab.dian.gov.co/WcfDianCustomerServices.svc",
      "dian_url_validacion": "https://catalogo-vpfe-hab.dian.gov.co/Document/FindDocument",
      "incluir_iva": true,
      "porcentaje_iva_defecto": "19.00",
      "precio_examen_visual": "50000.00",
      "codigo_examen_visual": "EXA-VIS-001",
      "is_active": true,
      "habilitado_dian": false,
      "fecha_habilitacion": null,
      "configurado_por": [
        "danioso83"
      ],
      "configurado_en": "2025-12-16T21:00:31.682Z",
      "actualizado_en": "2025-12-16T23:15:21.188Z",
      "notas": ""
    }
  },
  {
    "model": "billing.dianconfiguration",
    "pk": 6,
    "fields": {
      "organization": 4,
      "tipo_documento": "NIT",
      "nit": "900123456",
      "dv": "7",
      "razon_social": "CompuEasys",
      "nombre_comercial": "CompuEasys",
      "direccion": "Calle 123 # 45-67",
      "ciudad_codigo": "11001",
      "ciudad_nombre": "Bogot\u00e1 D.C.",
      "departamento_codigo": "11",
      "departamento_nombre": "Bogot\u00e1",
      "pais_codigo": "CO",
      "codigo_postal": "110111",
      "telefono": "3001234567",
      "email_facturacion": "facturacion@ejemplo.com",
      "responsabilidades_fiscales": [
        "O-13",
        "O-15",
        "O-23"
      ],
      "tipo_regimen": "49",
      "resolucion_numero": "RES-TEST-001",
      "resolucion_fecha": "2024-01-01",
      "resolucion_prefijo": "FE-TEST",
      "resolucion_numero_inicio": 1,
      "resolucion_numero_fin": 10000,
      "resolucion_numero_actual": 0,
      "resolucion_clave_tecnica": "ClaveT3cn1c4P4r4Pr03b45D14n2024",
      "resolucion_vigencia_inicio": "2024-01-01",
      "resolucion_vigencia_fin": "2025-12-31",
      "certificado_archivo": "",
      "certificado_password": "",
      "certificado_vigencia_inicio": null,
      "certificado_vigencia_fin": null,
      "ambiente": "2",
      "dian_url_webservice": "https://vpfe-hab.dian.gov.co/WcfDianCustomerServices.svc",
      "dian_url_validacion": "https://catalogo-vpfe-hab.dian.gov.co/Document/FindDocument",
      "incluir_iva": true,
      "porcentaje_iva_defecto": "19.00",
      "precio_examen_visual": "50000.00",
      "codigo_examen_visual": "EXA-VIS-001",
      "is_active": true,
      "habilitado_dian": false,
      "fecha_habilitacion": null,
      "configurado_por": null,
      "configurado_en": "2025-12-16T21:05:03.288Z",
      "actualizado_en": "2025-12-16T21:39:15.889Z",
      "notas": ""
    }
  },
  {
    "model": "billing.invoice",
    "pk": 48,
    "fields": {
      "organization": 4,
      "prefijo": "FE-TEST",
      "numero": 1,
      "numero_completo": "FE-TEST-00001",
      "tipo": "product",
      "patient": 27,
      "cliente_tipo_documento": "CC",
      "cliente_numero_documento": "1234567890",
      "cliente_nombre": "Juan P\u00e9rez Test",
      "cliente_email": "juanperez@test.com",
      "cliente_telefono": "3001234567",
      "cliente_direccion": "",
      "cliente_ciudad": "",
      "cliente_departamento": "",
      "appointment": null,
      "sale": null,
      "fecha_emision": "2025-12-16T21:39:23.285Z",
      "fecha_vencimiento": null,
      "forma_pago": "1",
      "medio_pago": "10",
      "subtotal": "150000.00",
      "descuento": "0.00",
      "base_imponible": "150000.00",
      "iva_0": "0.00",
      "iva_5": "0.00",
      "iva_19": "28500.00",
      "total_iva": "28500.00",
      "total": "178500.00",
      "total_pagado": "178500.00",
      "saldo_pendiente": "0.00",
      "estado_pago": "paid",
      "estado_dian": "draft",
      "cufe": "b009ba2e235ff3221ed0c19ec705760a501cb9265f7349a99ced55d33c6bb269d637c23b8a694f44d0721f0ac939e19c",
      "xml_sin_firmar": "",
      "xml_firmado": "",
      "xml_url": "",
      "pdf_generado": false,
      "pdf_url": "",
      "qr_code_base64": "",
      "dian_response": null,
      "dian_enviado_en": null,
      "dian_aprobado_en": null,
      "dian_error_mensaje": "",
      "creado_por": [
        "admin"
      ],
      "aprobado_por": null,
      "created_at": "2025-12-16T21:39:23.285Z",
      "updated_at": "2025-12-16T21:39:24.087Z",
      "notas": ""
    }
  },
  {
    "model": "billing.invoice",
    "pk": 49,
    "fields": {
      "organization": 4,
      "prefijo": "FE-TEST",
      "numero": 2,
      "numero_completo": "FE-TEST-00002",
      "tipo": "product",
      "patient": 27,
      "cliente_tipo_documento": "CC",
      "cliente_numero_documento": "1234567890",
      "cliente_nombre": "Juan P\u00e9rez Test",
      "cliente_email": "juanperez@test.com",
      "cliente_telefono": "3001234567",
      "cliente_direccion": "",
      "cliente_ciudad": "",
      "cliente_departamento": "",
      "appointment": null,
      "sale": null,
      "fecha_emision": "2025-12-16T21:39:24.869Z",
      "fecha_vencimiento": null,
      "forma_pago": "1",
      "medio_pago": "10",
      "subtotal": "375000.00",
      "descuento": "0.00",
      "base_imponible": "375000.00",
      "iva_0": "0.00",
      "iva_5": "0.00",
      "iva_19": "71250.00",
      "total_iva": "71250.00",
      "total": "446250.00",
      "total_pagado": "446250.00",
      "saldo_pendiente": "0.00",
      "estado_pago": "paid",
      "estado_dian": "draft",
      "cufe": "e6506b6a15c7598aac3aa69a1f13b300358f3b9063967f34f7d4341d78bff5a87758cf55cea603f0e5bc8d2943d58437",
      "xml_sin_firmar": "",
      "xml_firmado": "",
      "xml_url": "",
      "pdf_generado": false,
      "pdf_url": "",
      "qr_code_base64": "",
      "dian_response": null,
      "dian_enviado_en": null,
      "dian_aprobado_en": null,
      "dian_error_mensaje": "",
      "creado_por": [
        "admin"
      ],
      "aprobado_por": null,
      "created_at": "2025-12-16T21:39:24.869Z",
      "updated_at": "2025-12-16T21:39:27.354Z",
      "notas": ""
    }
  },
  {
    "model": "billing.invoice",
    "pk": 53,
    "fields": {
      "organization": 4,
      "prefijo": "FE",
      "numero": 1,
      "numero_completo": "FE-00001",
      "tipo": "product",
      "patient": 27,
      "cliente_tipo_documento": "CC",
      "cliente_numero_documento": "1234567890",
      "cliente_nombre": "Juan P\u00e9rez",
      "cliente_email": "test@test.com",
      "cliente_telefono": "3001234567",
      "cliente_direccion": "",
      "cliente_ciudad": "",
      "cliente_departamento": "",
      "appointment": null,
      "sale": null,
      "fecha_emision": "2025-12-16T21:42:33.972Z",
      "fecha_vencimiento": null,
      "forma_pago": "1",
      "medio_pago": "10",
      "subtotal": "100000.00",
      "descuento": "0.00",
      "base_imponible": "100000.00",
      "iva_0": "0.00",
      "iva_5": "0.00",
      "iva_19": "19000.00",
      "total_iva": "19000.00",
      "total": "119000.00",
      "total_pagado": "119000.00",
      "saldo_pendiente": "0.00",
      "estado_pago": "paid",
      "estado_dian": "draft",
      "cufe": "2ab58bdd5e14b9c0856a150d54e1d5ead6aec9567219655a4136f1546eff23dc8409f8e729f39f2a734e3182fb26fe82",
      "xml_sin_firmar": "",
      "xml_firmado": "",
      "xml_url": "",
      "pdf_generado": false,
      "pdf_url": "",
      "qr_code_base64": "",
      "dian_response": null,
      "dian_enviado_en": null,
      "dian_aprobado_en": null,
      "dian_error_mensaje": "",
      "creado_por": [
        "admin"
      ],
      "aprobado_por": null,
      "created_at": "2025-12-16T21:42:33.972Z",
      "updated_at": "2025-12-16T21:42:34.737Z",
      "notas": ""
    }
  },
  {
    "model": "billing.invoice",
    "pk": 56,
    "fields": {
      "organization": 22,
      "prefijo": "FE",
      "numero": 1,
      "numero_completo": "FE-00001",
      "tipo": "product",
      "patient": 26,
      "cliente_tipo_documento": "CC",
      "cliente_numero_documento": "71360801",
      "cliente_nombre": "Daniel Andres Osorio Velasquez",
      "cliente_email": "danioso8@hotmail.com",
      "cliente_telefono": "3007915262",
      "cliente_direccion": "",
      "cliente_ciudad": "",
      "cliente_departamento": "",
      "appointment": null,
      "sale": null,
      "fecha_emision": "2025-12-16T23:45:07.477Z",
      "fecha_vencimiento": null,
      "forma_pago": "1",
      "medio_pago": "10",
      "subtotal": "150000.00",
      "descuento": "15000.00",
      "base_imponible": "135000.00",
      "iva_0": "0.00",
      "iva_5": "0.00",
      "iva_19": "25650.00",
      "total_iva": "25650.00",
      "total": "160650.00",
      "total_pagado": "160650.00",
      "saldo_pendiente": "0.00",
      "estado_pago": "paid",
      "estado_dian": "draft",
      "cufe": "",
      "xml_sin_firmar": "",
      "xml_firmado": "",
      "xml_url": "",
      "pdf_generado": false,
      "pdf_url": "",
      "qr_code_base64": "",
      "dian_response": null,
      "dian_enviado_en": null,
      "dian_aprobado_en": null,
      "dian_error_mensaje": "",
      "creado_por": [
        "danioso83"
      ],
      "aprobado_por": null,
      "created_at": "2025-12-16T23:45:07.477Z",
      "updated_at": "2025-12-17T01:12:58.747Z",
      "notas": ""
    }
  },
  {
    "model": "billing.invoice",
    "pk": 57,
    "fields": {
      "organization": 22,
      "prefijo": "FV",
      "numero": 2,
      "numero_completo": "FV-00002",
      "tipo": "product",
      "patient": 26,
      "cliente_tipo_documento": "CC",
      "cliente_numero_documento": "71360801",
      "cliente_nombre": "Daniel Andres Osorio Velasquez",
      "cliente_email": "danioso8@hotmail.com",
      "cliente_telefono": "3007915262",
      "cliente_direccion": "",
      "cliente_ciudad": "",
      "cliente_departamento": "",
      "appointment": null,
      "sale": null,
      "fecha_emision": "2025-12-17T00:04:38.806Z",
      "fecha_vencimiento": null,
      "forma_pago": "1",
      "medio_pago": "10",
      "subtotal": "225000.00",
      "descuento": "0.00",
      "base_imponible": "225000.00",
      "iva_0": "0.00",
      "iva_5": "0.00",
      "iva_19": "0.00",
      "total_iva": "0.00",
      "total": "225000.00",
      "total_pagado": "225000.00",
      "saldo_pendiente": "0.00",
      "estado_pago": "paid",
      "estado_dian": "draft",
      "cufe": "",
      "xml_sin_firmar": "",
      "xml_firmado": "",
      "xml_url": "",
      "pdf_generado": false,
      "pdf_url": "",
      "qr_code_base64": "",
      "dian_response": null,
      "dian_enviado_en": null,
      "dian_aprobado_en": null,
      "dian_error_mensaje": "",
      "creado_por": [
        "danioso83"
      ],
      "aprobado_por": null,
      "created_at": "2025-12-17T00:04:38.806Z",
      "updated_at": "2025-12-17T00:04:42.062Z",
      "notas": ""
    }
  },
  {
    "model": "billing.invoiceitem",
    "pk": 88,
    "fields": {
      "invoice": 48,
      "numero_linea": 1,
      "tipo": "product",
      "product": null,
      "codigo": "PROD001",
      "descripcion": "Lentes Ray-Ban Classic",
      "cantidad": "1.00",
      "unidad_medida": "94",
      "valor_unitario": "150000.00",
      "subtotal": "150000.00",
      "descuento_porcentaje": "0.00",
      "descuento_valor": "0.00",
      "iva_porcentaje": "19.00",
      "iva_base": "150000.00",
      "valor_iva": "28500.00",
      "total_linea": "178500.00"
    }
  },
  {
    "model": "billing.invoiceitem",
    "pk": 89,
    "fields": {
      "invoice": 49,
      "numero_linea": 1,
      "tipo": "product",
      "product": null,
      "codigo": "PROD001",
      "descripcion": "Montura Oakley Sport",
      "cantidad": "1.00",
      "unidad_medida": "94",
      "valor_unitario": "200000.00",
      "subtotal": "200000.00",
      "descuento_porcentaje": "0.00",
      "descuento_valor": "0.00",
      "iva_porcentaje": "19.00",
      "iva_base": "200000.00",
      "valor_iva": "38000.00",
      "total_linea": "238000.00"
    }
  },
  {
    "model": "billing.invoiceitem",
    "pk": 90,
    "fields": {
      "invoice": 49,
      "numero_linea": 2,
      "tipo": "product",
      "product": null,
      "codigo": "PROD002",
      "descripcion": "Lentes Transition",
      "cantidad": "2.00",
      "unidad_medida": "94",
      "valor_unitario": "80000.00",
      "subtotal": "160000.00",
      "descuento_porcentaje": "0.00",
      "descuento_valor": "0.00",
      "iva_porcentaje": "19.00",
      "iva_base": "160000.00",
      "valor_iva": "30400.00",
      "total_linea": "190400.00"
    }
  },
  {
    "model": "billing.invoiceitem",
    "pk": 91,
    "fields": {
      "invoice": 49,
      "numero_linea": 3,
      "tipo": "product",
      "product": null,
      "codigo": "PROD003",
      "descripcion": "Estuche protector",
      "cantidad": "1.00",
      "unidad_medida": "94",
      "valor_unitario": "15000.00",
      "subtotal": "15000.00",
      "descuento_porcentaje": "0.00",
      "descuento_valor": "0.00",
      "iva_porcentaje": "19.00",
      "iva_base": "15000.00",
      "valor_iva": "2850.00",
      "total_linea": "17850.00"
    }
  },
  {
    "model": "billing.invoiceitem",
    "pk": 93,
    "fields": {
      "invoice": 53,
      "numero_linea": 1,
      "tipo": "product",
      "product": null,
      "codigo": "PROD001",
      "descripcion": "Producto Test",
      "cantidad": "1.00",
      "unidad_medida": "94",
      "valor_unitario": "100000.00",
      "subtotal": "100000.00",
      "descuento_porcentaje": "0.00",
      "descuento_valor": "0.00",
      "iva_porcentaje": "19.00",
      "iva_base": "100000.00",
      "valor_iva": "19000.00",
      "total_linea": "119000.00"
    }
  },
  {
    "model": "billing.invoiceitem",
    "pk": 94,
    "fields": {
      "invoice": 56,
      "numero_linea": 1,
      "tipo": "product",
      "product": null,
      "codigo": "ITEM-001",
      "descripcion": "Lentes de contacto",
      "cantidad": "1.00",
      "unidad_medida": "94",
      "valor_unitario": "150000.00",
      "subtotal": "150000.00",
      "descuento_porcentaje": "10.00",
      "descuento_valor": "15000.00",
      "iva_porcentaje": "19.00",
      "iva_base": "135000.00",
      "valor_iva": "25650.00",
      "total_linea": "160650.00"
    }
  },
  {
    "model": "billing.invoiceitem",
    "pk": 95,
    "fields": {
      "invoice": 57,
      "numero_linea": 1,
      "tipo": "product",
      "product": null,
      "codigo": "ITEM-001",
      "descripcion": "Lentes de contacto",
      "cantidad": "1.00",
      "unidad_medida": "94",
      "valor_unitario": "150000.00",
      "subtotal": "150000.00",
      "descuento_porcentaje": "0.00",
      "descuento_valor": "0.00",
      "iva_porcentaje": "0.00",
      "iva_base": "150000.00",
      "valor_iva": "0.00",
      "total_linea": "150000.00"
    }
  },
  {
    "model": "billing.invoiceitem",
    "pk": 96,
    "fields": {
      "invoice": 57,
      "numero_linea": 2,
      "tipo": "product",
      "product": null,
      "codigo": "ITEM-002",
      "descripcion": "lentes de sol",
      "cantidad": "1.00",
      "unidad_medida": "94",
      "valor_unitario": "50000.00",
      "subtotal": "50000.00",
      "descuento_porcentaje": "0.00",
      "descuento_valor": "0.00",
      "iva_porcentaje": "0.00",
      "iva_base": "50000.00",
      "valor_iva": "0.00",
      "total_linea": "50000.00"
    }
  },
  {
    "model": "billing.invoiceitem",
    "pk": 97,
    "fields": {
      "invoice": 57,
      "numero_linea": 3,
      "tipo": "product",
      "product": null,
      "codigo": "ITEM-003",
      "descripcion": "Liquido para limpiar gafas",
      "cantidad": "1.00",
      "unidad_medida": "94",
      "valor_unitario": "25000.00",
      "subtotal": "25000.00",
      "descuento_porcentaje": "0.00",
      "descuento_valor": "0.00",
      "iva_porcentaje": "0.00",
      "iva_base": "25000.00",
      "valor_iva": "0.00",
      "total_linea": "25000.00"
    }
  },
  {
    "model": "billing.payment",
    "pk": 1,
    "fields": {
      "organization": 22,
      "payment_number": "PAY-FV-00002-001",
      "invoice": 57,
      "tipo_pago": "partial",
      "amount": "225000.00",
      "payment_method": "cash",
      "reference_number": "",
      "bank_name": "",
      "payment_date": "2025-12-17T00:04:41.396Z",
      "status": "approved",
      "processed_by": [
        "danioso83"
      ],
      "created_at": "2025-12-17T00:04:41.396Z",
      "notes": ""
    }
  },
  {
    "model": "billing.payment",
    "pk": 2,
    "fields": {
      "organization": 22,
      "payment_number": "PAY-00001",
      "invoice": 56,
      "tipo_pago": "partial",
      "amount": "100000.00",
      "payment_method": "cash",
      "reference_number": "",
      "bank_name": "",
      "payment_date": "2025-12-17T01:10:12.178Z",
      "status": "approved",
      "processed_by": [
        "danioso83"
      ],
      "created_at": "2025-12-17T01:10:12.180Z",
      "notes": ""
    }
  },
  {
    "model": "billing.payment",
    "pk": 5,
    "fields": {
      "organization": 22,
      "payment_number": "PAY-00002",
      "invoice": 56,
      "tipo_pago": "full",
      "amount": "60650.00",
      "payment_method": "cash",
      "reference_number": "",
      "bank_name": "",
      "payment_date": "2025-12-17T01:12:57.775Z",
      "status": "approved",
      "processed_by": [
        "danioso83"
      ],
      "created_at": "2025-12-17T01:12:57.776Z",
      "notes": ""
    }
  },
  {
    "model": "billing.invoiceconfiguration",
    "pk": 1,
    "fields": {
      "organization": 4,
      "iva_porcentaje": "0.00",
      "aplicar_iva_automatico": false,
      "descuento_maximo_porcentaje": "50.00",
      "permitir_descuento_items": true,
      "aplicar_retefuente": false,
      "retefuente_porcentaje": "0.00",
      "aplicar_reteiva": false,
      "reteiva_porcentaje": "0.00",
      "prefijo_factura": "FV",
      "siguiente_numero": 1,
      "nota_predeterminada": "",
      "terminos_condiciones": "",
      "metodos_pago_disponibles": [
        "Efectivo",
        "Tarjeta",
        "Transferencia",
        "Cheque",
        "Cr\u00e9dito"
      ],
      "permitir_pagos_parciales": true,
      "facturacion_electronica_activa": true,
      "certificado_digital": "",
      "certificado_password": "",
      "ambiente": "pruebas",
      "prefijo": "FE-TEST",
      "enviar_email_factura": true,
      "email_remitente": "",
      "email_asunto": "Factura Electr\u00f3nica #{numero_factura}",
      "email_mensaje": "Estimado(a) cliente,\n\nAdjuntamos su factura electr\u00f3nica.\n\nGracias por su compra.",
      "smtp_host": "smtp.gmail.com",
      "smtp_port": 587,
      "smtp_use_tls": true,
      "smtp_username": "",
      "smtp_password": "",
      "logo_factura": "billing/logos/images.jpeg",
      "color_principal": "#3b82f6",
      "created_at": "2025-12-16T16:08:29.358Z",
      "updated_at": "2025-12-16T21:39:15.522Z"
    }
  },
  {
    "model": "billing.invoiceconfiguration",
    "pk": 5,
    "fields": {
      "organization": 22,
      "iva_porcentaje": "0.00",
      "aplicar_iva_automatico": false,
      "descuento_maximo_porcentaje": "50.00",
      "permitir_descuento_items": true,
      "aplicar_retefuente": false,
      "retefuente_porcentaje": "0.00",
      "aplicar_reteiva": false,
      "reteiva_porcentaje": "0.00",
      "prefijo_factura": "FV",
      "siguiente_numero": 1,
      "nota_predeterminada": "",
      "terminos_condiciones": "",
      "metodos_pago_disponibles": [
        "Efectivo",
        "Tarjeta",
        "Transferencia",
        "Cr\u00e9dito"
      ],
      "permitir_pagos_parciales": true,
      "facturacion_electronica_activa": false,
      "certificado_digital": "",
      "certificado_password": "",
      "ambiente": "pruebas",
      "prefijo": "FE",
      "enviar_email_factura": true,
      "email_remitente": "",
      "email_asunto": "Factura Electr\u00f3nica #{numero_factura}",
      "email_mensaje": "Estimado(a) cliente,\r\n\r\nAdjuntamos su factura electr\u00f3nica.\r\n\r\nGracias por su compra.",
      "smtp_host": "smtp.gmail.com",
      "smtp_port": 587,
      "smtp_use_tls": true,
      "smtp_username": "danioso8@hotmail.com",
      "smtp_password": "3007915262",
      "logo_factura": "",
      "color_principal": "#3b82f6",
      "created_at": "2025-12-16T17:52:01.049Z",
      "updated_at": "2025-12-16T22:51:35.472Z"
    }
  },
  {
    "model": "billing.supplier",
    "pk": 2,
    "fields": {
      "organization": 22,
      "codigo": "01",
      "nombre": "Daniel Osorio",
      "nombre_comercial": "compueasys",
      "tipo_documento": "CC",
      "numero_documento": "71360801",
      "email": "danioso8@hotmail.com",
      "telefono": "3007915262",
      "celular": "3156355765",
      "sitio_web": "",
      "direccion": "Calle 47A \u00b7 100-34\r\nlocal",
      "ciudad": "Medellin",
      "pais": "Colombia",
      "nombre_contacto": "",
      "cargo_contacto": "",
      "email_contacto": "danioso8@hotmail.com",
      "telefono_contacto": "3007915262",
      "condiciones_pago": "credito",
      "descuento_comercial": "0.00",
      "tiempo_entrega_dias": null,
      "categoria": "MONTURAS",
      "calificacion": null,
      "notas": "",
      "is_active": true,
      "created_at": "2025-12-16T17:55:01.899Z",
      "updated_at": "2025-12-16T17:55:14.840Z"
    }
  },
  {
    "model": "billing.supplier",
    "pk": 3,
    "fields": {
      "organization": 22,
      "codigo": "PROV0002",
      "nombre": "darwin",
      "nombre_comercial": "Credilentes",
      "tipo_documento": "NIT",
      "numero_documento": "71630222",
      "email": "danioso8@hotmail.com",
      "telefono": "3120255255",
      "celular": "",
      "sitio_web": "",
      "direccion": "",
      "ciudad": "",
      "pais": "Colombia",
      "nombre_contacto": "",
      "cargo_contacto": "",
      "email_contacto": "",
      "telefono_contacto": "",
      "condiciones_pago": "",
      "descuento_comercial": "0.00",
      "tiempo_entrega_dias": null,
      "categoria": "",
      "calificacion": null,
      "notas": "",
      "is_active": true,
      "created_at": "2025-12-16T18:14:16.664Z",
      "updated_at": "2025-12-16T18:14:16.664Z"
    }
  },
  {
    "model": "billing.invoiceproduct",
    "pk": 1,
    "fields": {
      "organization": 22,
      "codigo": "01",
      "codigo_barras": "",
      "nombre": "Montura",
      "descripcion": "",
      "descripcion_corta": "",
      "categoria": "MONTURAS",
      "subcategoria": "",
      "marca": "",
      "modelo": "",
      "supplier": 2,
      "precio_compra": "10000.00",
      "precio_venta": "45000.00",
      "precio_mayorista": "0.00",
      "margen_utilidad": "350.00",
      "aplica_iva": true,
      "porcentaje_iva": "0.00",
      "tipo_inventario": "FISICO",
      "stock_actual": 10,
      "stock_minimo": 5,
      "stock_maximo": 1000,
      "ubicacion_fisica": "Medellin",
      "material": "",
      "color": "",
      "tamanio": "",
      "genero": "",
      "especificaciones": {},
      "imagen_principal": "",
      "imagen_2": "",
      "imagen_3": "",
      "imagen_4": "",
      "slug": "",
      "meta_descripcion": "",
      "palabras_clave": "",
      "is_active": true,
      "is_featured": false,
      "permitir_venta_sin_stock": false,
      "created_at": "2025-12-16T17:58:36.416Z",
      "updated_at": "2025-12-16T17:58:36.416Z"
    }
  },
  {
    "model": "billing.invoiceproduct",
    "pk": 2,
    "fields": {
      "organization": 22,
      "codigo": "02",
      "codigo_barras": "",
      "nombre": "lentes de sol",
      "descripcion": "",
      "descripcion_corta": "",
      "categoria": "LENTES_SOL",
      "subcategoria": "",
      "marca": "sol",
      "modelo": "",
      "supplier": null,
      "precio_compra": "0.00",
      "precio_venta": "50000.00",
      "precio_mayorista": "0.00",
      "margen_utilidad": "0.00",
      "aplica_iva": true,
      "porcentaje_iva": "0.00",
      "tipo_inventario": "FISICO",
      "stock_actual": 10,
      "stock_minimo": 5,
      "stock_maximo": 100,
      "ubicacion_fisica": "",
      "material": "",
      "color": "",
      "tamanio": "",
      "genero": "",
      "especificaciones": {},
      "imagen_principal": "",
      "imagen_2": "",
      "imagen_3": "",
      "imagen_4": "",
      "slug": "",
      "meta_descripcion": "",
      "palabras_clave": "",
      "is_active": true,
      "is_featured": false,
      "permitir_venta_sin_stock": false,
      "created_at": "2025-12-16T18:48:51.118Z",
      "updated_at": "2025-12-16T18:48:51.118Z"
    }
  },
  {
    "model": "billing.invoiceproduct",
    "pk": 3,
    "fields": {
      "organization": 22,
      "codigo": "03",
      "codigo_barras": "",
      "nombre": "Lentes de contacto",
      "descripcion": "",
      "descripcion_corta": "",
      "categoria": "LENTES_CONTACTO",
      "subcategoria": "",
      "marca": "sol",
      "modelo": "",
      "supplier": null,
      "precio_compra": "0.00",
      "precio_venta": "150000.00",
      "precio_mayorista": "0.00",
      "margen_utilidad": "0.00",
      "aplica_iva": true,
      "porcentaje_iva": "0.00",
      "tipo_inventario": "FISICO",
      "stock_actual": 5,
      "stock_minimo": 5,
      "stock_maximo": 100,
      "ubicacion_fisica": "",
      "material": "",
      "color": "",
      "tamanio": "",
      "genero": "",
      "especificaciones": {},
      "imagen_principal": "",
      "imagen_2": "",
      "imagen_3": "",
      "imagen_4": "",
      "slug": "",
      "meta_descripcion": "",
      "palabras_clave": "",
      "is_active": true,
      "is_featured": false,
      "permitir_venta_sin_stock": false,
      "created_at": "2025-12-16T18:49:48.847Z",
      "updated_at": "2025-12-16T18:49:48.848Z"
    }
  },
  {
    "model": "billing.invoiceproduct",
    "pk": 4,
    "fields": {
      "organization": 22,
      "codigo": "04",
      "codigo_barras": "",
      "nombre": "Liquido para limpiar gafas",
      "descripcion": "",
      "descripcion_corta": "",
      "categoria": "LIQUIDOS",
      "subcategoria": "",
      "marca": "",
      "modelo": "",
      "supplier": null,
      "precio_compra": "0.00",
      "precio_venta": "25000.00",
      "precio_mayorista": "0.00",
      "margen_utilidad": "0.00",
      "aplica_iva": true,
      "porcentaje_iva": "0.00",
      "tipo_inventario": "FISICO",
      "stock_actual": 10,
      "stock_minimo": 5,
      "stock_maximo": 100,
      "ubicacion_fisica": "",
      "material": "",
      "color": "",
      "tamanio": "",
      "genero": "",
      "especificaciones": {},
      "imagen_principal": "",
      "imagen_2": "",
      "imagen_3": "",
      "imagen_4": "",
      "slug": "",
      "meta_descripcion": "",
      "palabras_clave": "",
      "is_active": true,
      "is_featured": false,
      "permitir_venta_sin_stock": false,
      "created_at": "2025-12-16T18:59:14.485Z",
      "updated_at": "2025-12-16T18:59:14.485Z"
    }
  }
]